[2026-05-10 22:16:46] local.ERROR: Method App\Http\Controllers\PaymentController::createPayment does not exist. {"userId":1,"exception":"[object] (BadMethodCallException(code: 0): Method App\\Http\\Controllers\\PaymentController::createPayment does not exist. at /home/u844577645/domains/joxmako.com/public_html/admin/vendor/laravel/framework/src/Illuminate/Routing/Controller.php:68)
[stacktrace]
#0 /home/u844577645/domains/joxmako.com/public_html/admin/vendor/laravel/framework/src/Illuminate/Routing/Controller.php(54): Illuminate\\Routing\\Controller->__call()
#1 /home/u844577645/domains/joxmako.com/public_html/admin/vendor/laravel/framework/src/Illuminate/Routing/ControllerDispatcher.php(43): Illuminate\\Routing\\Controller->callAction()
#2 /home/u844577645/domains/joxmako.com/public_html/admin/vendor/laravel/framework/src/Illuminate/Routing/Route.php(259): Illuminate\\Routing\\ControllerDispatcher->dispatch()
#3 /home/u844577645/domains/joxmako.com/public_html/admin/vendor/laravel/framework/src/Illuminate/Routing/Route.php(205): Illuminate\\Routing\\Route->runController()
#4 /home/u844577645/domains/joxmako.com/public_html/admin/vendor/laravel/framework/src/Illuminate/Routing/Router.php(806): Illuminate\\Routing\\Route->run()
#5 /home/u844577645/domains/joxmako.com/public_html/admin/vendor/laravel/framework/src/Illuminate/Pipeline/Pipeline.php(144): Illuminate\\Routing\\Router->Illuminate\\Routing\\{closure}()
#6 /home/u844577645/domains/joxmako.com/public_html/admin/app/Http/Middleware/CheckUserRoleMiddleware.php(34): Illuminate\\Pipeline\\Pipeline->Illuminate\\Pipeline\\{closure}()
#7 /home/u844577645/domains/joxmako.com/public_html/admin/vendor/laravel/framework/src/Illuminate/Pipeline/Pipeline.php(183): App\\Http\\Middleware\\CheckUserRoleMiddleware->handle()
#8 /home/u844577645/domains/joxmako.com/public_html/admin/app/Http/Middleware/LanguageManager.php(23): Illuminate\\Pipeline\\Pipeline->Illuminate\\Pipeline\\{closure}()
#9 /home/u844577645/domains/joxmako.com/public_html/admin/vendor/laravel/framework/src/Illuminate/Pipeline/Pipeline.php(183): App\\Http\\Middleware\\LanguageManager->handle()
#10 /home/u844577645/domains/joxmako.com/public_html/admin/vendor/laravel/framework/src/Illuminate/Routing/Middleware/SubstituteBindings.php(50): Illuminate\\Pipeline\\Pipeline->Illuminate\\Pipeline\\{closure}()
#11 /home/u844577645/domains/joxmako.com/public_html/admin/vendor/laravel/framework/src/Illuminate/Pipeline/Pipeline.php(183): Illuminate\\Routing\\Middleware\\SubstituteBindings->handle()
#12 /home/u844577645/domains/joxmako.com/public_html/admin/vendor/laravel/framework/src/Illuminate/Foundation/Http/Middleware/VerifyCsrfToken.php(78): Illuminate\\Pipeline\\Pipeline->Illuminate\\Pipeline\\{closure}()
#13 /home/u844577645/domains/joxmako.com/public_html/admin/vendor/laravel/framework/src/Illuminate/Pipeline/Pipeline.php(183): Illuminate\\Foundation\\Http\\Middleware\\VerifyCsrfToken->handle()
#14 /home/u844577645/domains/joxmako.com/public_html/admin/vendor/laravel/framework/src/Illuminate/View/Middleware/ShareErrorsFromSession.php(49): Illuminate\\Pipeline\\Pipeline->Illuminate\\Pipeline\\{closure}()
#15 /home/u844577645/domains/joxmako.com/public_html/admin/vendor/laravel/framework/src/Illuminate/Pipeline/Pipeline.php(183): Illuminate\\View\\Middleware\\ShareErrorsFromSession->handle()
#16 /home/u844577645/domains/joxmako.com/public_html/admin/vendor/laravel/framework/src/Illuminate/Session/Middleware/StartSession.php(121): Illuminate\\Pipeline\\Pipeline->Illuminate\\Pipeline\\{closure}()
#17 /home/u844577645/domains/joxmako.com/public_html/admin/vendor/laravel/framework/src/Illuminate/Session/Middleware/StartSession.php(64): Illuminate\\Session\\Middleware\\StartSession->handleStatefulRequest()
#18 /home/u844577645/domains/joxmako.com/public_html/admin/vendor/laravel/framework/src/Illuminate/Pipeline/Pipeline.php(183): Illuminate\\Session\\Middleware\\StartSession->handle()
#19 /home/u844577645/domains/joxmako.com/public_html/admin/vendor/laravel/framework/src/Illuminate/Cookie/Middleware/AddQueuedCookiesToResponse.php(37): Illuminate\\Pipeline\\Pipeline->Illuminate\\Pipeline\\{closure}()
#20 /home/u844577645/domains/joxmako.com/public_html/admin/vendor/laravel/framework/src/Illuminate/Pipeline/Pipeline.php(183): Illuminate\\Cookie\\Middleware\\AddQueuedCookiesToResponse->handle()
#21 /home/u844577645/domains/joxmako.com/public_html/admin/vendor/laravel/framework/src/Illuminate/Cookie/Middleware/EncryptCookies.php(67): Illuminate\\Pipeline\\Pipeline->Illuminate\\Pipeline\\{closure}()
#22 /home/u844577645/domains/joxmako.com/public_html/admin/vendor/laravel/framework/src/Illuminate/Pipeline/Pipeline.php(183): Illuminate\\Cookie\\Middleware\\EncryptCookies->handle()
#23 /home/u844577645/domains/joxmako.com/public_html/admin/vendor/laravel/framework/src/Illuminate/Pipeline/Pipeline.php(119): Illuminate\\Pipeline\\Pipeline->Illuminate\\Pipeline\\{closure}()
#24 /home/u844577645/domains/joxmako.com/public_html/admin/vendor/laravel/framework/src/Illuminate/Routing/Router.php(805): Illuminate\\Pipeline\\Pipeline->then()
#25 /home/u844577645/domains/joxmako.com/public_html/admin/vendor/laravel/framework/src/Illuminate/Routing/Router.php(784): Illuminate\\Routing\\Router->runRouteWithinStack()
#26 /home/u844577645/domains/joxmako.com/public_html/admin/vendor/laravel/framework/src/Illuminate/Routing/Router.php(748): Illuminate\\Routing\\Router->runRoute()
#27 /home/u844577645/domains/joxmako.com/public_html/admin/vendor/laravel/framework/src/Illuminate/Routing/Router.php(737): Illuminate\\Routing\\Router->dispatchToRoute()
#28 /home/u844577645/domains/joxmako.com/public_html/admin/vendor/laravel/framework/src/Illuminate/Foundation/Http/Kernel.php(200): Illuminate\\Routing\\Router->dispatch()
#29 /home/u844577645/domains/joxmako.com/public_html/admin/vendor/laravel/framework/src/Illuminate/Pipeline/Pipeline.php(144): Illuminate\\Foundation\\Http\\Kernel->Illuminate\\Foundation\\Http\\{closure}()
#30 /home/u844577645/domains/joxmako.com/public_html/admin/vendor/laravel/framework/src/Illuminate/Foundation/Http/Middleware/TransformsRequest.php(21): Illuminate\\Pipeline\\Pipeline->Illuminate\\Pipeline\\{closure}()
#31 /home/u844577645/domains/joxmako.com/public_html/admin/vendor/laravel/framework/src/Illuminate/Foundation/Http/Middleware/ConvertEmptyStringsToNull.php(31): Illuminate\\Foundation\\Http\\Middleware\\TransformsRequest->handle()
#32 /home/u844577645/domains/joxmako.com/public_html/admin/vendor/laravel/framework/src/Illuminate/Pipeline/Pipeline.php(183): Illuminate\\Foundation\\Http\\Middleware\\ConvertEmptyStringsToNull->handle()
#33 /home/u844577645/domains/joxmako.com/public_html/admin/vendor/laravel/framework/src/Illuminate/Foundation/Http/Middleware/TransformsRequest.php(21): Illuminate\\Pipeline\\Pipeline->Illuminate\\Pipeline\\{closure}()
#34 /home/u844577645/domains/joxmako.com/public_html/admin/vendor/laravel/framework/src/Illuminate/Foundation/Http/Middleware/TrimStrings.php(40): Illuminate\\Foundation\\Http\\Middleware\\TransformsRequest->handle()
#35 /home/u844577645/domains/joxmako.com/public_html/admin/vendor/laravel/framework/src/Illuminate/Pipeline/Pipeline.php(183): Illuminate\\Foundation\\Http\\Middleware\\TrimStrings->handle()
#36 /home/u844577645/domains/joxmako.com/public_html/admin/vendor/laravel/framework/src/Illuminate/Foundation/Http/Middleware/ValidatePostSize.php(27): Illuminate\\Pipeline\\Pipeline->Illuminate\\Pipeline\\{closure}()
#37 /home/u844577645/domains/joxmako.com/public_html/admin/vendor/laravel/framework/src/Illuminate/Pipeline/Pipeline.php(183): Illuminate\\Foundation\\Http\\Middleware\\ValidatePostSize->handle()
#38 /home/u844577645/domains/joxmako.com/public_html/admin/vendor/laravel/framework/src/Illuminate/Foundation/Http/Middleware/PreventRequestsDuringMaintenance.php(99): Illuminate\\Pipeline\\Pipeline->Illuminate\\Pipeline\\{closure}()
#39 /home/u844577645/domains/joxmako.com/public_html/admin/vendor/laravel/framework/src/Illuminate/Pipeline/Pipeline.php(183): Illuminate\\Foundation\\Http\\Middleware\\PreventRequestsDuringMaintenance->handle()
#40 /home/u844577645/domains/joxmako.com/public_html/admin/vendor/laravel/framework/src/Illuminate/Http/Middleware/HandleCors.php(49): Illuminate\\Pipeline\\Pipeline->Illuminate\\Pipeline\\{closure}()
#41 /home/u844577645/domains/joxmako.com/public_html/admin/vendor/laravel/framework/src/Illuminate/Pipeline/Pipeline.php(183): Illuminate\\Http\\Middleware\\HandleCors->handle()
#42 /home/u844577645/domains/joxmako.com/public_html/admin/vendor/laravel/framework/src/Illuminate/Http/Middleware/TrustProxies.php(39): Illuminate\\Pipeline\\Pipeline->Illuminate\\Pipeline\\{closure}()
#43 /home/u844577645/domains/joxmako.com/public_html/admin/vendor/laravel/framework/src/Illuminate/Pipeline/Pipeline.php(183): Illuminate\\Http\\Middleware\\TrustProxies->handle()
#44 /home/u844577645/domains/joxmako.com/public_html/admin/vendor/laravel/framework/src/Illuminate/Pipeline/Pipeline.php(119): Illuminate\\Pipeline\\Pipeline->Illuminate\\Pipeline\\{closure}()
#45 /home/u844577645/domains/joxmako.com/public_html/admin/vendor/laravel/framework/src/Illuminate/Foundation/Http/Kernel.php(175): Illuminate\\Pipeline\\Pipeline->then()
#46 /home/u844577645/domains/joxmako.com/public_html/admin/vendor/laravel/framework/src/Illuminate/Foundation/Http/Kernel.php(144): Illuminate\\Foundation\\Http\\Kernel->sendRequestThroughRouter()
#47 /home/u844577645/domains/joxmako.com/public_html/admin/public/index.php(51): Illuminate\\Foundation\\Http\\Kernel->handle()
#48 {main}
"} 
[2026-05-10 22:19:19] local.ERROR: Class "App\Services\PayDunyaService" does not exist {"userId":1,"exception":"[object] (ReflectionException(code: -1): Class \"App\\Services\\PayDunyaService\" does not exist at /home/u844577645/domains/joxmako.com/public_html/admin/vendor/laravel/framework/src/Illuminate/Routing/ResolvesRouteDependencies.php:81)
[stacktrace]
#0 /home/u844577645/domains/joxmako.com/public_html/admin/vendor/laravel/framework/src/Illuminate/Routing/ResolvesRouteDependencies.php(81): ReflectionClass->__construct()
#1 /home/u844577645/domains/joxmako.com/public_html/admin/vendor/laravel/framework/src/Illuminate/Routing/ResolvesRouteDependencies.php(50): Illuminate\\Routing\\ControllerDispatcher->transformDependency()
#2 /home/u844577645/domains/joxmako.com/public_html/admin/vendor/laravel/framework/src/Illuminate/Routing/ResolvesRouteDependencies.php(29): Illuminate\\Routing\\ControllerDispatcher->resolveMethodDependencies()
#3 /home/u844577645/domains/joxmako.com/public_html/admin/vendor/laravel/framework/src/Illuminate/Routing/ControllerDispatcher.php(59): Illuminate\\Routing\\ControllerDispatcher->resolveClassMethodDependencies()
#4 /home/u844577645/domains/joxmako.com/public_html/admin/vendor/laravel/framework/src/Illuminate/Routing/ControllerDispatcher.php(40): Illuminate\\Routing\\ControllerDispatcher->resolveParameters()
#5 /home/u844577645/domains/joxmako.com/public_html/admin/vendor/laravel/framework/src/Illuminate/Routing/Route.php(259): Illuminate\\Routing\\ControllerDispatcher->dispatch()
#6 /home/u844577645/domains/joxmako.com/public_html/admin/vendor/laravel/framework/src/Illuminate/Routing/Route.php(205): Illuminate\\Routing\\Route->runController()
#7 /home/u844577645/domains/joxmako.com/public_html/admin/vendor/laravel/framework/src/Illuminate/Routing/Router.php(806): Illuminate\\Routing\\Route->run()
#8 /home/u844577645/domains/joxmako.com/public_html/admin/vendor/laravel/framework/src/Illuminate/Pipeline/Pipeline.php(144): Illuminate\\Routing\\Router->Illuminate\\Routing\\{closure}()
#9 /home/u844577645/domains/joxmako.com/public_html/admin/app/Http/Middleware/CheckUserRoleMiddleware.php(34): Illuminate\\Pipeline\\Pipeline->Illuminate\\Pipeline\\{closure}()
#10 /home/u844577645/domains/joxmako.com/public_html/admin/vendor/laravel/framework/src/Illuminate/Pipeline/Pipeline.php(183): App\\Http\\Middleware\\CheckUserRoleMiddleware->handle()
#11 /home/u844577645/domains/joxmako.com/public_html/admin/app/Http/Middleware/LanguageManager.php(23): Illuminate\\Pipeline\\Pipeline->Illuminate\\Pipeline\\{closure}()
#12 /home/u844577645/domains/joxmako.com/public_html/admin/vendor/laravel/framework/src/Illuminate/Pipeline/Pipeline.php(183): App\\Http\\Middleware\\LanguageManager->handle()
#13 /home/u844577645/domains/joxmako.com/public_html/admin/vendor/laravel/framework/src/Illuminate/Routing/Middleware/SubstituteBindings.php(50): Illuminate\\Pipeline\\Pipeline->Illuminate\\Pipeline\\{closure}()
#14 /home/u844577645/domains/joxmako.com/public_html/admin/vendor/laravel/framework/src/Illuminate/Pipeline/Pipeline.php(183): Illuminate\\Routing\\Middleware\\SubstituteBindings->handle()
#15 /home/u844577645/domains/joxmako.com/public_html/admin/vendor/laravel/framework/src/Illuminate/Foundation/Http/Middleware/VerifyCsrfToken.php(78): Illuminate\\Pipeline\\Pipeline->Illuminate\\Pipeline\\{closure}()
#16 /home/u844577645/domains/joxmako.com/public_html/admin/vendor/laravel/framework/src/Illuminate/Pipeline/Pipeline.php(183): Illuminate\\Foundation\\Http\\Middleware\\VerifyCsrfToken->handle()
#17 /home/u844577645/domains/joxmako.com/public_html/admin/vendor/laravel/framework/src/Illuminate/View/Middleware/ShareErrorsFromSession.php(49): Illuminate\\Pipeline\\Pipeline->Illuminate\\Pipeline\\{closure}()
#18 /home/u844577645/domains/joxmako.com/public_html/admin/vendor/laravel/framework/src/Illuminate/Pipeline/Pipeline.php(183): Illuminate\\View\\Middleware\\ShareErrorsFromSession->handle()
#19 /home/u844577645/domains/joxmako.com/public_html/admin/vendor/laravel/framework/src/Illuminate/Session/Middleware/StartSession.php(121): Illuminate\\Pipeline\\Pipeline->Illuminate\\Pipeline\\{closure}()
#20 /home/u844577645/domains/joxmako.com/public_html/admin/vendor/laravel/framework/src/Illuminate/Session/Middleware/StartSession.php(64): Illuminate\\Session\\Middleware\\StartSession->handleStatefulRequest()
#21 /home/u844577645/domains/joxmako.com/public_html/admin/vendor/laravel/framework/src/Illuminate/Pipeline/Pipeline.php(183): Illuminate\\Session\\Middleware\\StartSession->handle()
#22 /home/u844577645/domains/joxmako.com/public_html/admin/vendor/laravel/framework/src/Illuminate/Cookie/Middleware/AddQueuedCookiesToResponse.php(37): Illuminate\\Pipeline\\Pipeline->Illuminate\\Pipeline\\{closure}()
#23 /home/u844577645/domains/joxmako.com/public_html/admin/vendor/laravel/framework/src/Illuminate/Pipeline/Pipeline.php(183): Illuminate\\Cookie\\Middleware\\AddQueuedCookiesToResponse->handle()
#24 /home/u844577645/domains/joxmako.com/public_html/admin/vendor/laravel/framework/src/Illuminate/Cookie/Middleware/EncryptCookies.php(67): Illuminate\\Pipeline\\Pipeline->Illuminate\\Pipeline\\{closure}()
#25 /home/u844577645/domains/joxmako.com/public_html/admin/vendor/laravel/framework/src/Illuminate/Pipeline/Pipeline.php(183): Illuminate\\Cookie\\Middleware\\EncryptCookies->handle()
#26 /home/u844577645/domains/joxmako.com/public_html/admin/vendor/laravel/framework/src/Illuminate/Pipeline/Pipeline.php(119): Illuminate\\Pipeline\\Pipeline->Illuminate\\Pipeline\\{closure}()
#27 /home/u844577645/domains/joxmako.com/public_html/admin/vendor/laravel/framework/src/Illuminate/Routing/Router.php(805): Illuminate\\Pipeline\\Pipeline->then()
#28 /home/u844577645/domains/joxmako.com/public_html/admin/vendor/laravel/framework/src/Illuminate/Routing/Router.php(784): Illuminate\\Routing\\Router->runRouteWithinStack()
#29 /home/u844577645/domains/joxmako.com/public_html/admin/vendor/laravel/framework/src/Illuminate/Routing/Router.php(748): Illuminate\\Routing\\Router->runRoute()
#30 /home/u844577645/domains/joxmako.com/public_html/admin/vendor/laravel/framework/src/Illuminate/Routing/Router.php(737): Illuminate\\Routing\\Router->dispatchToRoute()
#31 /home/u844577645/domains/joxmako.com/public_html/admin/vendor/laravel/framework/src/Illuminate/Foundation/Http/Kernel.php(200): Illuminate\\Routing\\Router->dispatch()
#32 /home/u844577645/domains/joxmako.com/public_html/admin/vendor/laravel/framework/src/Illuminate/Pipeline/Pipeline.php(144): Illuminate\\Foundation\\Http\\Kernel->Illuminate\\Foundation\\Http\\{closure}()
#33 /home/u844577645/domains/joxmako.com/public_html/admin/vendor/laravel/framework/src/Illuminate/Foundation/Http/Middleware/TransformsRequest.php(21): Illuminate\\Pipeline\\Pipeline->Illuminate\\Pipeline\\{closure}()
#34 /home/u844577645/domains/joxmako.com/public_html/admin/vendor/laravel/framework/src/Illuminate/Foundation/Http/Middleware/ConvertEmptyStringsToNull.php(31): Illuminate\\Foundation\\Http\\Middleware\\TransformsRequest->handle()
#35 /home/u844577645/domains/joxmako.com/public_html/admin/vendor/laravel/framework/src/Illuminate/Pipeline/Pipeline.php(183): Illuminate\\Foundation\\Http\\Middleware\\ConvertEmptyStringsToNull->handle()
#36 /home/u844577645/domains/joxmako.com/public_html/admin/vendor/laravel/framework/src/Illuminate/Foundation/Http/Middleware/TransformsRequest.php(21): Illuminate\\Pipeline\\Pipeline->Illuminate\\Pipeline\\{closure}()
#37 /home/u844577645/domains/joxmako.com/public_html/admin/vendor/laravel/framework/src/Illuminate/Foundation/Http/Middleware/TrimStrings.php(40): Illuminate\\Foundation\\Http\\Middleware\\TransformsRequest->handle()
#38 /home/u844577645/domains/joxmako.com/public_html/admin/vendor/laravel/framework/src/Illuminate/Pipeline/Pipeline.php(183): Illuminate\\Foundation\\Http\\Middleware\\TrimStrings->handle()
#39 /home/u844577645/domains/joxmako.com/public_html/admin/vendor/laravel/framework/src/Illuminate/Foundation/Http/Middleware/ValidatePostSize.php(27): Illuminate\\Pipeline\\Pipeline->Illuminate\\Pipeline\\{closure}()
#40 /home/u844577645/domains/joxmako.com/public_html/admin/vendor/laravel/framework/src/Illuminate/Pipeline/Pipeline.php(183): Illuminate\\Foundation\\Http\\Middleware\\ValidatePostSize->handle()
#41 /home/u844577645/domains/joxmako.com/public_html/admin/vendor/laravel/framework/src/Illuminate/Foundation/Http/Middleware/PreventRequestsDuringMaintenance.php(99): Illuminate\\Pipeline\\Pipeline->Illuminate\\Pipeline\\{closure}()
#42 /home/u844577645/domains/joxmako.com/public_html/admin/vendor/laravel/framework/src/Illuminate/Pipeline/Pipeline.php(183): Illuminate\\Foundation\\Http\\Middleware\\PreventRequestsDuringMaintenance->handle()
#43 /home/u844577645/domains/joxmako.com/public_html/admin/vendor/laravel/framework/src/Illuminate/Http/Middleware/HandleCors.php(49): Illuminate\\Pipeline\\Pipeline->Illuminate\\Pipeline\\{closure}()
#44 /home/u844577645/domains/joxmako.com/public_html/admin/vendor/laravel/framework/src/Illuminate/Pipeline/Pipeline.php(183): Illuminate\\Http\\Middleware\\HandleCors->handle()
#45 /home/u844577645/domains/joxmako.com/public_html/admin/vendor/laravel/framework/src/Illuminate/Http/Middleware/TrustProxies.php(39): Illuminate\\Pipeline\\Pipeline->Illuminate\\Pipeline\\{closure}()
#46 /home/u844577645/domains/joxmako.com/public_html/admin/vendor/laravel/framework/src/Illuminate/Pipeline/Pipeline.php(183): Illuminate\\Http\\Middleware\\TrustProxies->handle()
#47 /home/u844577645/domains/joxmako.com/public_html/admin/vendor/laravel/framework/src/Illuminate/Pipeline/Pipeline.php(119): Illuminate\\Pipeline\\Pipeline->Illuminate\\Pipeline\\{closure}()
#48 /home/u844577645/domains/joxmako.com/public_html/admin/vendor/laravel/framework/src/Illuminate/Foundation/Http/Kernel.php(175): Illuminate\\Pipeline\\Pipeline->then()
#49 /home/u844577645/domains/joxmako.com/public_html/admin/vendor/laravel/framework/src/Illuminate/Foundation/Http/Kernel.php(144): Illuminate\\Foundation\\Http\\Kernel->sendRequestThroughRouter()
#50 /home/u844577645/domains/joxmako.com/public_html/admin/public/index.php(51): Illuminate\\Foundation\\Http\\Kernel->handle()
#51 {main}
"} 
[2026-05-10 22:35:05] local.ERROR: Class "App\Http\Controllers\Http" not found {"userId":1,"exception":"[object] (Error(code: 0): Class \"App\\Http\\Controllers\\Http\" not found at /home/u844577645/domains/joxmako.com/public_html/admin/app/Http/Controllers/PaymentController.php:221)
[stacktrace]
#0 /home/u844577645/domains/joxmako.com/public_html/admin/vendor/laravel/framework/src/Illuminate/Routing/Controller.php(54): App\\Http\\Controllers\\PaymentController->paymentSuccess()
#1 /home/u844577645/domains/joxmako.com/public_html/admin/vendor/laravel/framework/src/Illuminate/Routing/ControllerDispatcher.php(43): Illuminate\\Routing\\Controller->callAction()
#2 /home/u844577645/domains/joxmako.com/public_html/admin/vendor/laravel/framework/src/Illuminate/Routing/Route.php(259): Illuminate\\Routing\\ControllerDispatcher->dispatch()
#3 /home/u844577645/domains/joxmako.com/public_html/admin/vendor/laravel/framework/src/Illuminate/Routing/Route.php(205): Illuminate\\Routing\\Route->runController()
#4 /home/u844577645/domains/joxmako.com/public_html/admin/vendor/laravel/framework/src/Illuminate/Routing/Router.php(806): Illuminate\\Routing\\Route->run()
#5 /home/u844577645/domains/joxmako.com/public_html/admin/vendor/laravel/framework/src/Illuminate/Pipeline/Pipeline.php(144): Illuminate\\Routing\\Router->Illuminate\\Routing\\{closure}()
#6 /home/u844577645/domains/joxmako.com/public_html/admin/app/Http/Middleware/CheckUserRoleMiddleware.php(34): Illuminate\\Pipeline\\Pipeline->Illuminate\\Pipeline\\{closure}()
#7 /home/u844577645/domains/joxmako.com/public_html/admin/vendor/laravel/framework/src/Illuminate/Pipeline/Pipeline.php(183): App\\Http\\Middleware\\CheckUserRoleMiddleware->handle()
#8 /home/u844577645/domains/joxmako.com/public_html/admin/app/Http/Middleware/LanguageManager.php(23): Illuminate\\Pipeline\\Pipeline->Illuminate\\Pipeline\\{closure}()
#9 /home/u844577645/domains/joxmako.com/public_html/admin/vendor/laravel/framework/src/Illuminate/Pipeline/Pipeline.php(183): App\\Http\\Middleware\\LanguageManager->handle()
#10 /home/u844577645/domains/joxmako.com/public_html/admin/vendor/laravel/framework/src/Illuminate/Routing/Middleware/SubstituteBindings.php(50): Illuminate\\Pipeline\\Pipeline->Illuminate\\Pipeline\\{closure}()
#11 /home/u844577645/domains/joxmako.com/public_html/admin/vendor/laravel/framework/src/Illuminate/Pipeline/Pipeline.php(183): Illuminate\\Routing\\Middleware\\SubstituteBindings->handle()
#12 /home/u844577645/domains/joxmako.com/public_html/admin/vendor/laravel/framework/src/Illuminate/Foundation/Http/Middleware/VerifyCsrfToken.php(78): Illuminate\\Pipeline\\Pipeline->Illuminate\\Pipeline\\{closure}()
#13 /home/u844577645/domains/joxmako.com/public_html/admin/vendor/laravel/framework/src/Illuminate/Pipeline/Pipeline.php(183): Illuminate\\Foundation\\Http\\Middleware\\VerifyCsrfToken->handle()
#14 /home/u844577645/domains/joxmako.com/public_html/admin/vendor/laravel/framework/src/Illuminate/View/Middleware/ShareErrorsFromSession.php(49): Illuminate\\Pipeline\\Pipeline->Illuminate\\Pipeline\\{closure}()
#15 /home/u844577645/domains/joxmako.com/public_html/admin/vendor/laravel/framework/src/Illuminate/Pipeline/Pipeline.php(183): Illuminate\\View\\Middleware\\ShareErrorsFromSession->handle()
#16 /home/u844577645/domains/joxmako.com/public_html/admin/vendor/laravel/framework/src/Illuminate/Session/Middleware/StartSession.php(121): Illuminate\\Pipeline\\Pipeline->Illuminate\\Pipeline\\{closure}()
#17 /home/u844577645/domains/joxmako.com/public_html/admin/vendor/laravel/framework/src/Illuminate/Session/Middleware/StartSession.php(64): Illuminate\\Session\\Middleware\\StartSession->handleStatefulRequest()
#18 /home/u844577645/domains/joxmako.com/public_html/admin/vendor/laravel/framework/src/Illuminate/Pipeline/Pipeline.php(183): Illuminate\\Session\\Middleware\\StartSession->handle()
#19 /home/u844577645/domains/joxmako.com/public_html/admin/vendor/laravel/framework/src/Illuminate/Cookie/Middleware/AddQueuedCookiesToResponse.php(37): Illuminate\\Pipeline\\Pipeline->Illuminate\\Pipeline\\{closure}()
#20 /home/u844577645/domains/joxmako.com/public_html/admin/vendor/laravel/framework/src/Illuminate/Pipeline/Pipeline.php(183): Illuminate\\Cookie\\Middleware\\AddQueuedCookiesToResponse->handle()
#21 /home/u844577645/domains/joxmako.com/public_html/admin/vendor/laravel/framework/src/Illuminate/Cookie/Middleware/EncryptCookies.php(67): Illuminate\\Pipeline\\Pipeline->Illuminate\\Pipeline\\{closure}()
#22 /home/u844577645/domains/joxmako.com/public_html/admin/vendor/laravel/framework/src/Illuminate/Pipeline/Pipeline.php(183): Illuminate\\Cookie\\Middleware\\EncryptCookies->handle()
#23 /home/u844577645/domains/joxmako.com/public_html/admin/vendor/laravel/framework/src/Illuminate/Pipeline/Pipeline.php(119): Illuminate\\Pipeline\\Pipeline->Illuminate\\Pipeline\\{closure}()
#24 /home/u844577645/domains/joxmako.com/public_html/admin/vendor/laravel/framework/src/Illuminate/Routing/Router.php(805): Illuminate\\Pipeline\\Pipeline->then()
#25 /home/u844577645/domains/joxmako.com/public_html/admin/vendor/laravel/framework/src/Illuminate/Routing/Router.php(784): Illuminate\\Routing\\Router->runRouteWithinStack()
#26 /home/u844577645/domains/joxmako.com/public_html/admin/vendor/laravel/framework/src/Illuminate/Routing/Router.php(748): Illuminate\\Routing\\Router->runRoute()
#27 /home/u844577645/domains/joxmako.com/public_html/admin/vendor/laravel/framework/src/Illuminate/Routing/Router.php(737): Illuminate\\Routing\\Router->dispatchToRoute()
#28 /home/u844577645/domains/joxmako.com/public_html/admin/vendor/laravel/framework/src/Illuminate/Foundation/Http/Kernel.php(200): Illuminate\\Routing\\Router->dispatch()
#29 /home/u844577645/domains/joxmako.com/public_html/admin/vendor/laravel/framework/src/Illuminate/Pipeline/Pipeline.php(144): Illuminate\\Foundation\\Http\\Kernel->Illuminate\\Foundation\\Http\\{closure}()
#30 /home/u844577645/domains/joxmako.com/public_html/admin/vendor/laravel/framework/src/Illuminate/Foundation/Http/Middleware/TransformsRequest.php(21): Illuminate\\Pipeline\\Pipeline->Illuminate\\Pipeline\\{closure}()
#31 /home/u844577645/domains/joxmako.com/public_html/admin/vendor/laravel/framework/src/Illuminate/Foundation/Http/Middleware/ConvertEmptyStringsToNull.php(31): Illuminate\\Foundation\\Http\\Middleware\\TransformsRequest->handle()
#32 /home/u844577645/domains/joxmako.com/public_html/admin/vendor/laravel/framework/src/Illuminate/Pipeline/Pipeline.php(183): Illuminate\\Foundation\\Http\\Middleware\\ConvertEmptyStringsToNull->handle()
#33 /home/u844577645/domains/joxmako.com/public_html/admin/vendor/laravel/framework/src/Illuminate/Foundation/Http/Middleware/TransformsRequest.php(21): Illuminate\\Pipeline\\Pipeline->Illuminate\\Pipeline\\{closure}()
#34 /home/u844577645/domains/joxmako.com/public_html/admin/vendor/laravel/framework/src/Illuminate/Foundation/Http/Middleware/TrimStrings.php(40): Illuminate\\Foundation\\Http\\Middleware\\TransformsRequest->handle()
#35 /home/u844577645/domains/joxmako.com/public_html/admin/vendor/laravel/framework/src/Illuminate/Pipeline/Pipeline.php(183): Illuminate\\Foundation\\Http\\Middleware\\TrimStrings->handle()
#36 /home/u844577645/domains/joxmako.com/public_html/admin/vendor/laravel/framework/src/Illuminate/Foundation/Http/Middleware/ValidatePostSize.php(27): Illuminate\\Pipeline\\Pipeline->Illuminate\\Pipeline\\{closure}()
#37 /home/u844577645/domains/joxmako.com/public_html/admin/vendor/laravel/framework/src/Illuminate/Pipeline/Pipeline.php(183): Illuminate\\Foundation\\Http\\Middleware\\ValidatePostSize->handle()
#38 /home/u844577645/domains/joxmako.com/public_html/admin/vendor/laravel/framework/src/Illuminate/Foundation/Http/Middleware/PreventRequestsDuringMaintenance.php(99): Illuminate\\Pipeline\\Pipeline->Illuminate\\Pipeline\\{closure}()
#39 /home/u844577645/domains/joxmako.com/public_html/admin/vendor/laravel/framework/src/Illuminate/Pipeline/Pipeline.php(183): Illuminate\\Foundation\\Http\\Middleware\\PreventRequestsDuringMaintenance->handle()
#40 /home/u844577645/domains/joxmako.com/public_html/admin/vendor/laravel/framework/src/Illuminate/Http/Middleware/HandleCors.php(49): Illuminate\\Pipeline\\Pipeline->Illuminate\\Pipeline\\{closure}()
#41 /home/u844577645/domains/joxmako.com/public_html/admin/vendor/laravel/framework/src/Illuminate/Pipeline/Pipeline.php(183): Illuminate\\Http\\Middleware\\HandleCors->handle()
#42 /home/u844577645/domains/joxmako.com/public_html/admin/vendor/laravel/framework/src/Illuminate/Http/Middleware/TrustProxies.php(39): Illuminate\\Pipeline\\Pipeline->Illuminate\\Pipeline\\{closure}()
#43 /home/u844577645/domains/joxmako.com/public_html/admin/vendor/laravel/framework/src/Illuminate/Pipeline/Pipeline.php(183): Illuminate\\Http\\Middleware\\TrustProxies->handle()
#44 /home/u844577645/domains/joxmako.com/public_html/admin/vendor/laravel/framework/src/Illuminate/Pipeline/Pipeline.php(119): Illuminate\\Pipeline\\Pipeline->Illuminate\\Pipeline\\{closure}()
#45 /home/u844577645/domains/joxmako.com/public_html/admin/vendor/laravel/framework/src/Illuminate/Foundation/Http/Kernel.php(175): Illuminate\\Pipeline\\Pipeline->then()
#46 /home/u844577645/domains/joxmako.com/public_html/admin/vendor/laravel/framework/src/Illuminate/Foundation/Http/Kernel.php(144): Illuminate\\Foundation\\Http\\Kernel->sendRequestThroughRouter()
#47 /home/u844577645/domains/joxmako.com/public_html/admin/public/index.php(51): Illuminate\\Foundation\\Http\\Kernel->handle()
#48 {main}
"} 
[2026-05-10 22:35:39] local.ERROR: Class "App\Http\Controllers\Http" not found {"userId":1,"exception":"[object] (Error(code: 0): Class \"App\\Http\\Controllers\\Http\" not found at /home/u844577645/domains/joxmako.com/public_html/admin/app/Http/Controllers/PaymentController.php:221)
[stacktrace]
#0 /home/u844577645/domains/joxmako.com/public_html/admin/vendor/laravel/framework/src/Illuminate/Routing/Controller.php(54): App\\Http\\Controllers\\PaymentController->paymentSuccess()
#1 /home/u844577645/domains/joxmako.com/public_html/admin/vendor/laravel/framework/src/Illuminate/Routing/ControllerDispatcher.php(43): Illuminate\\Routing\\Controller->callAction()
#2 /home/u844577645/domains/joxmako.com/public_html/admin/vendor/laravel/framework/src/Illuminate/Routing/Route.php(259): Illuminate\\Routing\\ControllerDispatcher->dispatch()
#3 /home/u844577645/domains/joxmako.com/public_html/admin/vendor/laravel/framework/src/Illuminate/Routing/Route.php(205): Illuminate\\Routing\\Route->runController()
#4 /home/u844577645/domains/joxmako.com/public_html/admin/vendor/laravel/framework/src/Illuminate/Routing/Router.php(806): Illuminate\\Routing\\Route->run()
#5 /home/u844577645/domains/joxmako.com/public_html/admin/vendor/laravel/framework/src/Illuminate/Pipeline/Pipeline.php(144): Illuminate\\Routing\\Router->Illuminate\\Routing\\{closure}()
#6 /home/u844577645/domains/joxmako.com/public_html/admin/app/Http/Middleware/CheckUserRoleMiddleware.php(34): Illuminate\\Pipeline\\Pipeline->Illuminate\\Pipeline\\{closure}()
#7 /home/u844577645/domains/joxmako.com/public_html/admin/vendor/laravel/framework/src/Illuminate/Pipeline/Pipeline.php(183): App\\Http\\Middleware\\CheckUserRoleMiddleware->handle()
#8 /home/u844577645/domains/joxmako.com/public_html/admin/app/Http/Middleware/LanguageManager.php(23): Illuminate\\Pipeline\\Pipeline->Illuminate\\Pipeline\\{closure}()
#9 /home/u844577645/domains/joxmako.com/public_html/admin/vendor/laravel/framework/src/Illuminate/Pipeline/Pipeline.php(183): App\\Http\\Middleware\\LanguageManager->handle()
#10 /home/u844577645/domains/joxmako.com/public_html/admin/vendor/laravel/framework/src/Illuminate/Routing/Middleware/SubstituteBindings.php(50): Illuminate\\Pipeline\\Pipeline->Illuminate\\Pipeline\\{closure}()
#11 /home/u844577645/domains/joxmako.com/public_html/admin/vendor/laravel/framework/src/Illuminate/Pipeline/Pipeline.php(183): Illuminate\\Routing\\Middleware\\SubstituteBindings->handle()
#12 /home/u844577645/domains/joxmako.com/public_html/admin/vendor/laravel/framework/src/Illuminate/Foundation/Http/Middleware/VerifyCsrfToken.php(78): Illuminate\\Pipeline\\Pipeline->Illuminate\\Pipeline\\{closure}()
#13 /home/u844577645/domains/joxmako.com/public_html/admin/vendor/laravel/framework/src/Illuminate/Pipeline/Pipeline.php(183): Illuminate\\Foundation\\Http\\Middleware\\VerifyCsrfToken->handle()
#14 /home/u844577645/domains/joxmako.com/public_html/admin/vendor/laravel/framework/src/Illuminate/View/Middleware/ShareErrorsFromSession.php(49): Illuminate\\Pipeline\\Pipeline->Illuminate\\Pipeline\\{closure}()
#15 /home/u844577645/domains/joxmako.com/public_html/admin/vendor/laravel/framework/src/Illuminate/Pipeline/Pipeline.php(183): Illuminate\\View\\Middleware\\ShareErrorsFromSession->handle()
#16 /home/u844577645/domains/joxmako.com/public_html/admin/vendor/laravel/framework/src/Illuminate/Session/Middleware/StartSession.php(121): Illuminate\\Pipeline\\Pipeline->Illuminate\\Pipeline\\{closure}()
#17 /home/u844577645/domains/joxmako.com/public_html/admin/vendor/laravel/framework/src/Illuminate/Session/Middleware/StartSession.php(64): Illuminate\\Session\\Middleware\\StartSession->handleStatefulRequest()
#18 /home/u844577645/domains/joxmako.com/public_html/admin/vendor/laravel/framework/src/Illuminate/Pipeline/Pipeline.php(183): Illuminate\\Session\\Middleware\\StartSession->handle()
#19 /home/u844577645/domains/joxmako.com/public_html/admin/vendor/laravel/framework/src/Illuminate/Cookie/Middleware/AddQueuedCookiesToResponse.php(37): Illuminate\\Pipeline\\Pipeline->Illuminate\\Pipeline\\{closure}()
#20 /home/u844577645/domains/joxmako.com/public_html/admin/vendor/laravel/framework/src/Illuminate/Pipeline/Pipeline.php(183): Illuminate\\Cookie\\Middleware\\AddQueuedCookiesToResponse->handle()
#21 /home/u844577645/domains/joxmako.com/public_html/admin/vendor/laravel/framework/src/Illuminate/Cookie/Middleware/EncryptCookies.php(67): Illuminate\\Pipeline\\Pipeline->Illuminate\\Pipeline\\{closure}()
#22 /home/u844577645/domains/joxmako.com/public_html/admin/vendor/laravel/framework/src/Illuminate/Pipeline/Pipeline.php(183): Illuminate\\Cookie\\Middleware\\EncryptCookies->handle()
#23 /home/u844577645/domains/joxmako.com/public_html/admin/vendor/laravel/framework/src/Illuminate/Pipeline/Pipeline.php(119): Illuminate\\Pipeline\\Pipeline->Illuminate\\Pipeline\\{closure}()
#24 /home/u844577645/domains/joxmako.com/public_html/admin/vendor/laravel/framework/src/Illuminate/Routing/Router.php(805): Illuminate\\Pipeline\\Pipeline->then()
#25 /home/u844577645/domains/joxmako.com/public_html/admin/vendor/laravel/framework/src/Illuminate/Routing/Router.php(784): Illuminate\\Routing\\Router->runRouteWithinStack()
#26 /home/u844577645/domains/joxmako.com/public_html/admin/vendor/laravel/framework/src/Illuminate/Routing/Router.php(748): Illuminate\\Routing\\Router->runRoute()
#27 /home/u844577645/domains/joxmako.com/public_html/admin/vendor/laravel/framework/src/Illuminate/Routing/Router.php(737): Illuminate\\Routing\\Router->dispatchToRoute()
#28 /home/u844577645/domains/joxmako.com/public_html/admin/vendor/laravel/framework/src/Illuminate/Foundation/Http/Kernel.php(200): Illuminate\\Routing\\Router->dispatch()
#29 /home/u844577645/domains/joxmako.com/public_html/admin/vendor/laravel/framework/src/Illuminate/Pipeline/Pipeline.php(144): Illuminate\\Foundation\\Http\\Kernel->Illuminate\\Foundation\\Http\\{closure}()
#30 /home/u844577645/domains/joxmako.com/public_html/admin/vendor/laravel/framework/src/Illuminate/Foundation/Http/Middleware/TransformsRequest.php(21): Illuminate\\Pipeline\\Pipeline->Illuminate\\Pipeline\\{closure}()
#31 /home/u844577645/domains/joxmako.com/public_html/admin/vendor/laravel/framework/src/Illuminate/Foundation/Http/Middleware/ConvertEmptyStringsToNull.php(31): Illuminate\\Foundation\\Http\\Middleware\\TransformsRequest->handle()
#32 /home/u844577645/domains/joxmako.com/public_html/admin/vendor/laravel/framework/src/Illuminate/Pipeline/Pipeline.php(183): Illuminate\\Foundation\\Http\\Middleware\\ConvertEmptyStringsToNull->handle()
#33 /home/u844577645/domains/joxmako.com/public_html/admin/vendor/laravel/framework/src/Illuminate/Foundation/Http/Middleware/TransformsRequest.php(21): Illuminate\\Pipeline\\Pipeline->Illuminate\\Pipeline\\{closure}()
#34 /home/u844577645/domains/joxmako.com/public_html/admin/vendor/laravel/framework/src/Illuminate/Foundation/Http/Middleware/TrimStrings.php(40): Illuminate\\Foundation\\Http\\Middleware\\TransformsRequest->handle()
#35 /home/u844577645/domains/joxmako.com/public_html/admin/vendor/laravel/framework/src/Illuminate/Pipeline/Pipeline.php(183): Illuminate\\Foundation\\Http\\Middleware\\TrimStrings->handle()
#36 /home/u844577645/domains/joxmako.com/public_html/admin/vendor/laravel/framework/src/Illuminate/Foundation/Http/Middleware/ValidatePostSize.php(27): Illuminate\\Pipeline\\Pipeline->Illuminate\\Pipeline\\{closure}()
#37 /home/u844577645/domains/joxmako.com/public_html/admin/vendor/laravel/framework/src/Illuminate/Pipeline/Pipeline.php(183): Illuminate\\Foundation\\Http\\Middleware\\ValidatePostSize->handle()
#38 /home/u844577645/domains/joxmako.com/public_html/admin/vendor/laravel/framework/src/Illuminate/Foundation/Http/Middleware/PreventRequestsDuringMaintenance.php(99): Illuminate\\Pipeline\\Pipeline->Illuminate\\Pipeline\\{closure}()
#39 /home/u844577645/domains/joxmako.com/public_html/admin/vendor/laravel/framework/src/Illuminate/Pipeline/Pipeline.php(183): Illuminate\\Foundation\\Http\\Middleware\\PreventRequestsDuringMaintenance->handle()
#40 /home/u844577645/domains/joxmako.com/public_html/admin/vendor/laravel/framework/src/Illuminate/Http/Middleware/HandleCors.php(49): Illuminate\\Pipeline\\Pipeline->Illuminate\\Pipeline\\{closure}()
#41 /home/u844577645/domains/joxmako.com/public_html/admin/vendor/laravel/framework/src/Illuminate/Pipeline/Pipeline.php(183): Illuminate\\Http\\Middleware\\HandleCors->handle()
#42 /home/u844577645/domains/joxmako.com/public_html/admin/vendor/laravel/framework/src/Illuminate/Http/Middleware/TrustProxies.php(39): Illuminate\\Pipeline\\Pipeline->Illuminate\\Pipeline\\{closure}()
#43 /home/u844577645/domains/joxmako.com/public_html/admin/vendor/laravel/framework/src/Illuminate/Pipeline/Pipeline.php(183): Illuminate\\Http\\Middleware\\TrustProxies->handle()
#44 /home/u844577645/domains/joxmako.com/public_html/admin/vendor/laravel/framework/src/Illuminate/Pipeline/Pipeline.php(119): Illuminate\\Pipeline\\Pipeline->Illuminate\\Pipeline\\{closure}()
#45 /home/u844577645/domains/joxmako.com/public_html/admin/vendor/laravel/framework/src/Illuminate/Foundation/Http/Kernel.php(175): Illuminate\\Pipeline\\Pipeline->then()
#46 /home/u844577645/domains/joxmako.com/public_html/admin/vendor/laravel/framework/src/Illuminate/Foundation/Http/Kernel.php(144): Illuminate\\Foundation\\Http\\Kernel->sendRequestThroughRouter()
#47 /home/u844577645/domains/joxmako.com/public_html/admin/public/index.php(51): Illuminate\\Foundation\\Http\\Kernel->handle()
#48 {main}
"} 
[2026-05-11 00:35:03] local.ERROR: An email must have a "From" or a "Sender" header. {"userId":1,"exception":"[object] (Symfony\\Component\\Mime\\Exception\\LogicException(code: 0): An email must have a \"From\" or a \"Sender\" header. at /home/u844577645/domains/joxmako.com/public_html/admin/vendor/symfony/mime/Message.php:138)
[stacktrace]
#0 /home/u844577645/domains/joxmako.com/public_html/admin/vendor/symfony/mime/Email.php(414): Symfony\\Component\\Mime\\Message->ensureValidity()
#1 /home/u844577645/domains/joxmako.com/public_html/admin/vendor/symfony/mailer/SentMessage.php(33): Symfony\\Component\\Mime\\Email->ensureValidity()
#2 /home/u844577645/domains/joxmako.com/public_html/admin/vendor/symfony/mailer/Transport/AbstractTransport.php(68): Symfony\\Component\\Mailer\\SentMessage->__construct()
#3 /home/u844577645/domains/joxmako.com/public_html/admin/vendor/symfony/mailer/Transport/Smtp/SmtpTransport.php(137): Symfony\\Component\\Mailer\\Transport\\AbstractTransport->send()
#4 /home/u844577645/domains/joxmako.com/public_html/admin/vendor/laravel/framework/src/Illuminate/Mail/Mailer.php(573): Symfony\\Component\\Mailer\\Transport\\Smtp\\SmtpTransport->send()
#5 /home/u844577645/domains/joxmako.com/public_html/admin/vendor/laravel/framework/src/Illuminate/Mail/Mailer.php(335): Illuminate\\Mail\\Mailer->sendSymfonyMessage()
#6 /home/u844577645/domains/joxmako.com/public_html/admin/vendor/laravel/framework/src/Illuminate/Mail/Mailable.php(205): Illuminate\\Mail\\Mailer->send()
#7 /home/u844577645/domains/joxmako.com/public_html/admin/vendor/laravel/framework/src/Illuminate/Support/Traits/Localizable.php(19): Illuminate\\Mail\\Mailable->Illuminate\\Mail\\{closure}()
#8 /home/u844577645/domains/joxmako.com/public_html/admin/vendor/laravel/framework/src/Illuminate/Mail/Mailable.php(198): Illuminate\\Mail\\Mailable->withLocale()
#9 /home/u844577645/domains/joxmako.com/public_html/admin/vendor/laravel/framework/src/Illuminate/Mail/Mailer.php(357): Illuminate\\Mail\\Mailable->send()
#10 /home/u844577645/domains/joxmako.com/public_html/admin/vendor/laravel/framework/src/Illuminate/Mail/Mailer.php(301): Illuminate\\Mail\\Mailer->sendMailable()
#11 /home/u844577645/domains/joxmako.com/public_html/admin/vendor/laravel/framework/src/Illuminate/Mail/PendingMail.php(124): Illuminate\\Mail\\Mailer->send()
#12 /home/u844577645/domains/joxmako.com/public_html/admin/app/Http/Controllers/SendEmailController.php(26): Illuminate\\Mail\\PendingMail->send()
#13 /home/u844577645/domains/joxmako.com/public_html/admin/vendor/laravel/framework/src/Illuminate/Routing/Controller.php(54): App\\Http\\Controllers\\SendEmailController->sendMail()
#14 /home/u844577645/domains/joxmako.com/public_html/admin/vendor/laravel/framework/src/Illuminate/Routing/ControllerDispatcher.php(43): Illuminate\\Routing\\Controller->callAction()
#15 /home/u844577645/domains/joxmako.com/public_html/admin/vendor/laravel/framework/src/Illuminate/Routing/Route.php(259): Illuminate\\Routing\\ControllerDispatcher->dispatch()
#16 /home/u844577645/domains/joxmako.com/public_html/admin/vendor/laravel/framework/src/Illuminate/Routing/Route.php(205): Illuminate\\Routing\\Route->runController()
#17 /home/u844577645/domains/joxmako.com/public_html/admin/vendor/laravel/framework/src/Illuminate/Routing/Router.php(806): Illuminate\\Routing\\Route->run()
#18 /home/u844577645/domains/joxmako.com/public_html/admin/vendor/laravel/framework/src/Illuminate/Pipeline/Pipeline.php(144): Illuminate\\Routing\\Router->Illuminate\\Routing\\{closure}()
#19 /home/u844577645/domains/joxmako.com/public_html/admin/app/Http/Middleware/CheckUserRoleMiddleware.php(34): Illuminate\\Pipeline\\Pipeline->Illuminate\\Pipeline\\{closure}()
#20 /home/u844577645/domains/joxmako.com/public_html/admin/vendor/laravel/framework/src/Illuminate/Pipeline/Pipeline.php(183): App\\Http\\Middleware\\CheckUserRoleMiddleware->handle()
#21 /home/u844577645/domains/joxmako.com/public_html/admin/app/Http/Middleware/LanguageManager.php(23): Illuminate\\Pipeline\\Pipeline->Illuminate\\Pipeline\\{closure}()
#22 /home/u844577645/domains/joxmako.com/public_html/admin/vendor/laravel/framework/src/Illuminate/Pipeline/Pipeline.php(183): App\\Http\\Middleware\\LanguageManager->handle()
#23 /home/u844577645/domains/joxmako.com/public_html/admin/vendor/laravel/framework/src/Illuminate/Routing/Middleware/SubstituteBindings.php(50): Illuminate\\Pipeline\\Pipeline->Illuminate\\Pipeline\\{closure}()
#24 /home/u844577645/domains/joxmako.com/public_html/admin/vendor/laravel/framework/src/Illuminate/Pipeline/Pipeline.php(183): Illuminate\\Routing\\Middleware\\SubstituteBindings->handle()
#25 /home/u844577645/domains/joxmako.com/public_html/admin/vendor/laravel/framework/src/Illuminate/Foundation/Http/Middleware/VerifyCsrfToken.php(78): Illuminate\\Pipeline\\Pipeline->Illuminate\\Pipeline\\{closure}()
#26 /home/u844577645/domains/joxmako.com/public_html/admin/vendor/laravel/framework/src/Illuminate/Pipeline/Pipeline.php(183): Illuminate\\Foundation\\Http\\Middleware\\VerifyCsrfToken->handle()
#27 /home/u844577645/domains/joxmako.com/public_html/admin/vendor/laravel/framework/src/Illuminate/View/Middleware/ShareErrorsFromSession.php(49): Illuminate\\Pipeline\\Pipeline->Illuminate\\Pipeline\\{closure}()
#28 /home/u844577645/domains/joxmako.com/public_html/admin/vendor/laravel/framework/src/Illuminate/Pipeline/Pipeline.php(183): Illuminate\\View\\Middleware\\ShareErrorsFromSession->handle()
#29 /home/u844577645/domains/joxmako.com/public_html/admin/vendor/laravel/framework/src/Illuminate/Session/Middleware/StartSession.php(121): Illuminate\\Pipeline\\Pipeline->Illuminate\\Pipeline\\{closure}()
#30 /home/u844577645/domains/joxmako.com/public_html/admin/vendor/laravel/framework/src/Illuminate/Session/Middleware/StartSession.php(64): Illuminate\\Session\\Middleware\\StartSession->handleStatefulRequest()
#31 /home/u844577645/domains/joxmako.com/public_html/admin/vendor/laravel/framework/src/Illuminate/Pipeline/Pipeline.php(183): Illuminate\\Session\\Middleware\\StartSession->handle()
#32 /home/u844577645/domains/joxmako.com/public_html/admin/vendor/laravel/framework/src/Illuminate/Cookie/Middleware/AddQueuedCookiesToResponse.php(37): Illuminate\\Pipeline\\Pipeline->Illuminate\\Pipeline\\{closure}()
#33 /home/u844577645/domains/joxmako.com/public_html/admin/vendor/laravel/framework/src/Illuminate/Pipeline/Pipeline.php(183): Illuminate\\Cookie\\Middleware\\AddQueuedCookiesToResponse->handle()
#34 /home/u844577645/domains/joxmako.com/public_html/admin/vendor/laravel/framework/src/Illuminate/Cookie/Middleware/EncryptCookies.php(67): Illuminate\\Pipeline\\Pipeline->Illuminate\\Pipeline\\{closure}()
#35 /home/u844577645/domains/joxmako.com/public_html/admin/vendor/laravel/framework/src/Illuminate/Pipeline/Pipeline.php(183): Illuminate\\Cookie\\Middleware\\EncryptCookies->handle()
#36 /home/u844577645/domains/joxmako.com/public_html/admin/vendor/laravel/framework/src/Illuminate/Pipeline/Pipeline.php(119): Illuminate\\Pipeline\\Pipeline->Illuminate\\Pipeline\\{closure}()
#37 /home/u844577645/domains/joxmako.com/public_html/admin/vendor/laravel/framework/src/Illuminate/Routing/Router.php(805): Illuminate\\Pipeline\\Pipeline->then()
#38 /home/u844577645/domains/joxmako.com/public_html/admin/vendor/laravel/framework/src/Illuminate/Routing/Router.php(784): Illuminate\\Routing\\Router->runRouteWithinStack()
#39 /home/u844577645/domains/joxmako.com/public_html/admin/vendor/laravel/framework/src/Illuminate/Routing/Router.php(748): Illuminate\\Routing\\Router->runRoute()
#40 /home/u844577645/domains/joxmako.com/public_html/admin/vendor/laravel/framework/src/Illuminate/Routing/Router.php(737): Illuminate\\Routing\\Router->dispatchToRoute()
#41 /home/u844577645/domains/joxmako.com/public_html/admin/vendor/laravel/framework/src/Illuminate/Foundation/Http/Kernel.php(200): Illuminate\\Routing\\Router->dispatch()
#42 /home/u844577645/domains/joxmako.com/public_html/admin/vendor/laravel/framework/src/Illuminate/Pipeline/Pipeline.php(144): Illuminate\\Foundation\\Http\\Kernel->Illuminate\\Foundation\\Http\\{closure}()
#43 /home/u844577645/domains/joxmako.com/public_html/admin/vendor/laravel/framework/src/Illuminate/Foundation/Http/Middleware/TransformsRequest.php(21): Illuminate\\Pipeline\\Pipeline->Illuminate\\Pipeline\\{closure}()
#44 /home/u844577645/domains/joxmako.com/public_html/admin/vendor/laravel/framework/src/Illuminate/Foundation/Http/Middleware/ConvertEmptyStringsToNull.php(31): Illuminate\\Foundation\\Http\\Middleware\\TransformsRequest->handle()
#45 /home/u844577645/domains/joxmako.com/public_html/admin/vendor/laravel/framework/src/Illuminate/Pipeline/Pipeline.php(183): Illuminate\\Foundation\\Http\\Middleware\\ConvertEmptyStringsToNull->handle()
#46 /home/u844577645/domains/joxmako.com/public_html/admin/vendor/laravel/framework/src/Illuminate/Foundation/Http/Middleware/TransformsRequest.php(21): Illuminate\\Pipeline\\Pipeline->Illuminate\\Pipeline\\{closure}()
#47 /home/u844577645/domains/joxmako.com/public_html/admin/vendor/laravel/framework/src/Illuminate/Foundation/Http/Middleware/TrimStrings.php(40): Illuminate\\Foundation\\Http\\Middleware\\TransformsRequest->handle()
#48 /home/u844577645/domains/joxmako.com/public_html/admin/vendor/laravel/framework/src/Illuminate/Pipeline/Pipeline.php(183): Illuminate\\Foundation\\Http\\Middleware\\TrimStrings->handle()
#49 /home/u844577645/domains/joxmako.com/public_html/admin/vendor/laravel/framework/src/Illuminate/Foundation/Http/Middleware/ValidatePostSize.php(27): Illuminate\\Pipeline\\Pipeline->Illuminate\\Pipeline\\{closure}()
#50 /home/u844577645/domains/joxmako.com/public_html/admin/vendor/laravel/framework/src/Illuminate/Pipeline/Pipeline.php(183): Illuminate\\Foundation\\Http\\Middleware\\ValidatePostSize->handle()
#51 /home/u844577645/domains/joxmako.com/public_html/admin/vendor/laravel/framework/src/Illuminate/Foundation/Http/Middleware/PreventRequestsDuringMaintenance.php(99): Illuminate\\Pipeline\\Pipeline->Illuminate\\Pipeline\\{closure}()
#52 /home/u844577645/domains/joxmako.com/public_html/admin/vendor/laravel/framework/src/Illuminate/Pipeline/Pipeline.php(183): Illuminate\\Foundation\\Http\\Middleware\\PreventRequestsDuringMaintenance->handle()
#53 /home/u844577645/domains/joxmako.com/public_html/admin/vendor/laravel/framework/src/Illuminate/Http/Middleware/HandleCors.php(49): Illuminate\\Pipeline\\Pipeline->Illuminate\\Pipeline\\{closure}()
#54 /home/u844577645/domains/joxmako.com/public_html/admin/vendor/laravel/framework/src/Illuminate/Pipeline/Pipeline.php(183): Illuminate\\Http\\Middleware\\HandleCors->handle()
#55 /home/u844577645/domains/joxmako.com/public_html/admin/vendor/laravel/framework/src/Illuminate/Http/Middleware/TrustProxies.php(39): Illuminate\\Pipeline\\Pipeline->Illuminate\\Pipeline\\{closure}()
#56 /home/u844577645/domains/joxmako.com/public_html/admin/vendor/laravel/framework/src/Illuminate/Pipeline/Pipeline.php(183): Illuminate\\Http\\Middleware\\TrustProxies->handle()
#57 /home/u844577645/domains/joxmako.com/public_html/admin/vendor/laravel/framework/src/Illuminate/Pipeline/Pipeline.php(119): Illuminate\\Pipeline\\Pipeline->Illuminate\\Pipeline\\{closure}()
#58 /home/u844577645/domains/joxmako.com/public_html/admin/vendor/laravel/framework/src/Illuminate/Foundation/Http/Kernel.php(175): Illuminate\\Pipeline\\Pipeline->then()
#59 /home/u844577645/domains/joxmako.com/public_html/admin/vendor/laravel/framework/src/Illuminate/Foundation/Http/Kernel.php(144): Illuminate\\Foundation\\Http\\Kernel->sendRequestThroughRouter()
#60 /home/u844577645/domains/joxmako.com/public_html/admin/public/index.php(51): Illuminate\\Foundation\\Http\\Kernel->handle()
#61 {main}
"} 
[2026-05-13 18:06:36] local.ERROR: Method App\Http\Controllers\PaymentController::paymentSuccess does not exist. {"exception":"[object] (BadMethodCallException(code: 0): Method App\\Http\\Controllers\\PaymentController::paymentSuccess does not exist. at /home/u844577645/domains/joxmako.com/public_html/admin/vendor/laravel/framework/src/Illuminate/Routing/Controller.php:68)
[stacktrace]
#0 /home/u844577645/domains/joxmako.com/public_html/admin/vendor/laravel/framework/src/Illuminate/Routing/Controller.php(54): Illuminate\\Routing\\Controller->__call()
#1 /home/u844577645/domains/joxmako.com/public_html/admin/vendor/laravel/framework/src/Illuminate/Routing/ControllerDispatcher.php(43): Illuminate\\Routing\\Controller->callAction()
#2 /home/u844577645/domains/joxmako.com/public_html/admin/vendor/laravel/framework/src/Illuminate/Routing/Route.php(259): Illuminate\\Routing\\ControllerDispatcher->dispatch()
#3 /home/u844577645/domains/joxmako.com/public_html/admin/vendor/laravel/framework/src/Illuminate/Routing/Route.php(205): Illuminate\\Routing\\Route->runController()
#4 /home/u844577645/domains/joxmako.com/public_html/admin/vendor/laravel/framework/src/Illuminate/Routing/Router.php(806): Illuminate\\Routing\\Route->run()
#5 /home/u844577645/domains/joxmako.com/public_html/admin/vendor/laravel/framework/src/Illuminate/Pipeline/Pipeline.php(144): Illuminate\\Routing\\Router->Illuminate\\Routing\\{closure}()
#6 /home/u844577645/domains/joxmako.com/public_html/admin/app/Http/Middleware/CheckUserRoleMiddleware.php(34): Illuminate\\Pipeline\\Pipeline->Illuminate\\Pipeline\\{closure}()
#7 /home/u844577645/domains/joxmako.com/public_html/admin/vendor/laravel/framework/src/Illuminate/Pipeline/Pipeline.php(183): App\\Http\\Middleware\\CheckUserRoleMiddleware->handle()
#8 /home/u844577645/domains/joxmako.com/public_html/admin/app/Http/Middleware/LanguageManager.php(23): Illuminate\\Pipeline\\Pipeline->Illuminate\\Pipeline\\{closure}()
#9 /home/u844577645/domains/joxmako.com/public_html/admin/vendor/laravel/framework/src/Illuminate/Pipeline/Pipeline.php(183): App\\Http\\Middleware\\LanguageManager->handle()
#10 /home/u844577645/domains/joxmako.com/public_html/admin/vendor/laravel/framework/src/Illuminate/Routing/Middleware/SubstituteBindings.php(50): Illuminate\\Pipeline\\Pipeline->Illuminate\\Pipeline\\{closure}()
#11 /home/u844577645/domains/joxmako.com/public_html/admin/vendor/laravel/framework/src/Illuminate/Pipeline/Pipeline.php(183): Illuminate\\Routing\\Middleware\\SubstituteBindings->handle()
#12 /home/u844577645/domains/joxmako.com/public_html/admin/vendor/laravel/framework/src/Illuminate/Foundation/Http/Middleware/VerifyCsrfToken.php(78): Illuminate\\Pipeline\\Pipeline->Illuminate\\Pipeline\\{closure}()
#13 /home/u844577645/domains/joxmako.com/public_html/admin/vendor/laravel/framework/src/Illuminate/Pipeline/Pipeline.php(183): Illuminate\\Foundation\\Http\\Middleware\\VerifyCsrfToken->handle()
#14 /home/u844577645/domains/joxmako.com/public_html/admin/vendor/laravel/framework/src/Illuminate/View/Middleware/ShareErrorsFromSession.php(49): Illuminate\\Pipeline\\Pipeline->Illuminate\\Pipeline\\{closure}()
#15 /home/u844577645/domains/joxmako.com/public_html/admin/vendor/laravel/framework/src/Illuminate/Pipeline/Pipeline.php(183): Illuminate\\View\\Middleware\\ShareErrorsFromSession->handle()
#16 /home/u844577645/domains/joxmako.com/public_html/admin/vendor/laravel/framework/src/Illuminate/Session/Middleware/StartSession.php(121): Illuminate\\Pipeline\\Pipeline->Illuminate\\Pipeline\\{closure}()
#17 /home/u844577645/domains/joxmako.com/public_html/admin/vendor/laravel/framework/src/Illuminate/Session/Middleware/StartSession.php(64): Illuminate\\Session\\Middleware\\StartSession->handleStatefulRequest()
#18 /home/u844577645/domains/joxmako.com/public_html/admin/vendor/laravel/framework/src/Illuminate/Pipeline/Pipeline.php(183): Illuminate\\Session\\Middleware\\StartSession->handle()
#19 /home/u844577645/domains/joxmako.com/public_html/admin/vendor/laravel/framework/src/Illuminate/Cookie/Middleware/AddQueuedCookiesToResponse.php(37): Illuminate\\Pipeline\\Pipeline->Illuminate\\Pipeline\\{closure}()
#20 /home/u844577645/domains/joxmako.com/public_html/admin/vendor/laravel/framework/src/Illuminate/Pipeline/Pipeline.php(183): Illuminate\\Cookie\\Middleware\\AddQueuedCookiesToResponse->handle()
#21 /home/u844577645/domains/joxmako.com/public_html/admin/vendor/laravel/framework/src/Illuminate/Cookie/Middleware/EncryptCookies.php(67): Illuminate\\Pipeline\\Pipeline->Illuminate\\Pipeline\\{closure}()
#22 /home/u844577645/domains/joxmako.com/public_html/admin/vendor/laravel/framework/src/Illuminate/Pipeline/Pipeline.php(183): Illuminate\\Cookie\\Middleware\\EncryptCookies->handle()
#23 /home/u844577645/domains/joxmako.com/public_html/admin/vendor/laravel/framework/src/Illuminate/Pipeline/Pipeline.php(119): Illuminate\\Pipeline\\Pipeline->Illuminate\\Pipeline\\{closure}()
#24 /home/u844577645/domains/joxmako.com/public_html/admin/vendor/laravel/framework/src/Illuminate/Routing/Router.php(805): Illuminate\\Pipeline\\Pipeline->then()
#25 /home/u844577645/domains/joxmako.com/public_html/admin/vendor/laravel/framework/src/Illuminate/Routing/Router.php(784): Illuminate\\Routing\\Router->runRouteWithinStack()
#26 /home/u844577645/domains/joxmako.com/public_html/admin/vendor/laravel/framework/src/Illuminate/Routing/Router.php(748): Illuminate\\Routing\\Router->runRoute()
#27 /home/u844577645/domains/joxmako.com/public_html/admin/vendor/laravel/framework/src/Illuminate/Routing/Router.php(737): Illuminate\\Routing\\Router->dispatchToRoute()
#28 /home/u844577645/domains/joxmako.com/public_html/admin/vendor/laravel/framework/src/Illuminate/Foundation/Http/Kernel.php(200): Illuminate\\Routing\\Router->dispatch()
#29 /home/u844577645/domains/joxmako.com/public_html/admin/vendor/laravel/framework/src/Illuminate/Pipeline/Pipeline.php(144): Illuminate\\Foundation\\Http\\Kernel->Illuminate\\Foundation\\Http\\{closure}()
#30 /home/u844577645/domains/joxmako.com/public_html/admin/vendor/laravel/framework/src/Illuminate/Foundation/Http/Middleware/TransformsRequest.php(21): Illuminate\\Pipeline\\Pipeline->Illuminate\\Pipeline\\{closure}()
#31 /home/u844577645/domains/joxmako.com/public_html/admin/vendor/laravel/framework/src/Illuminate/Foundation/Http/Middleware/ConvertEmptyStringsToNull.php(31): Illuminate\\Foundation\\Http\\Middleware\\TransformsRequest->handle()
#32 /home/u844577645/domains/joxmako.com/public_html/admin/vendor/laravel/framework/src/Illuminate/Pipeline/Pipeline.php(183): Illuminate\\Foundation\\Http\\Middleware\\ConvertEmptyStringsToNull->handle()
#33 /home/u844577645/domains/joxmako.com/public_html/admin/vendor/laravel/framework/src/Illuminate/Foundation/Http/Middleware/TransformsRequest.php(21): Illuminate\\Pipeline\\Pipeline->Illuminate\\Pipeline\\{closure}()
#34 /home/u844577645/domains/joxmako.com/public_html/admin/vendor/laravel/framework/src/Illuminate/Foundation/Http/Middleware/TrimStrings.php(40): Illuminate\\Foundation\\Http\\Middleware\\TransformsRequest->handle()
#35 /home/u844577645/domains/joxmako.com/public_html/admin/vendor/laravel/framework/src/Illuminate/Pipeline/Pipeline.php(183): Illuminate\\Foundation\\Http\\Middleware\\TrimStrings->handle()
#36 /home/u844577645/domains/joxmako.com/public_html/admin/vendor/laravel/framework/src/Illuminate/Foundation/Http/Middleware/ValidatePostSize.php(27): Illuminate\\Pipeline\\Pipeline->Illuminate\\Pipeline\\{closure}()
#37 /home/u844577645/domains/joxmako.com/public_html/admin/vendor/laravel/framework/src/Illuminate/Pipeline/Pipeline.php(183): Illuminate\\Foundation\\Http\\Middleware\\ValidatePostSize->handle()
#38 /home/u844577645/domains/joxmako.com/public_html/admin/vendor/laravel/framework/src/Illuminate/Foundation/Http/Middleware/PreventRequestsDuringMaintenance.php(99): Illuminate\\Pipeline\\Pipeline->Illuminate\\Pipeline\\{closure}()
#39 /home/u844577645/domains/joxmako.com/public_html/admin/vendor/laravel/framework/src/Illuminate/Pipeline/Pipeline.php(183): Illuminate\\Foundation\\Http\\Middleware\\PreventRequestsDuringMaintenance->handle()
#40 /home/u844577645/domains/joxmako.com/public_html/admin/vendor/laravel/framework/src/Illuminate/Http/Middleware/HandleCors.php(49): Illuminate\\Pipeline\\Pipeline->Illuminate\\Pipeline\\{closure}()
#41 /home/u844577645/domains/joxmako.com/public_html/admin/vendor/laravel/framework/src/Illuminate/Pipeline/Pipeline.php(183): Illuminate\\Http\\Middleware\\HandleCors->handle()
#42 /home/u844577645/domains/joxmako.com/public_html/admin/vendor/laravel/framework/src/Illuminate/Http/Middleware/TrustProxies.php(39): Illuminate\\Pipeline\\Pipeline->Illuminate\\Pipeline\\{closure}()
#43 /home/u844577645/domains/joxmako.com/public_html/admin/vendor/laravel/framework/src/Illuminate/Pipeline/Pipeline.php(183): Illuminate\\Http\\Middleware\\TrustProxies->handle()
#44 /home/u844577645/domains/joxmako.com/public_html/admin/vendor/laravel/framework/src/Illuminate/Pipeline/Pipeline.php(119): Illuminate\\Pipeline\\Pipeline->Illuminate\\Pipeline\\{closure}()
#45 /home/u844577645/domains/joxmako.com/public_html/admin/vendor/laravel/framework/src/Illuminate/Foundation/Http/Kernel.php(175): Illuminate\\Pipeline\\Pipeline->then()
#46 /home/u844577645/domains/joxmako.com/public_html/admin/vendor/laravel/framework/src/Illuminate/Foundation/Http/Kernel.php(144): Illuminate\\Foundation\\Http\\Kernel->sendRequestThroughRouter()
#47 /home/u844577645/domains/joxmako.com/public_html/admin/public/index.php(51): Illuminate\\Foundation\\Http\\Kernel->handle()
#48 {main}
"} 
[2026-05-14 22:10:12] local.ERROR: syntax error, unexpected single-quoted string ")); ?>" class="btn btn-default...", expecting ")" {"view":{"view":"/home/u844577645/domains/joxmako.com/public_html/admin/resources/views/role/save.blade.php","data":[]},"userId":1,"exception":"[object] (Spatie\\LaravelIgnition\\Exceptions\\ViewException(code: 0): syntax error, unexpected single-quoted string \")); ?>\" class=\"btn btn-default...\", expecting \")\" at /home/u844577645/domains/joxmako.com/public_html/admin/resources/views/role/save.blade.php:1661)
[stacktrace]
#0 /home/u844577645/domains/joxmako.com/public_html/admin/vendor/laravel/framework/src/Illuminate/Filesystem/Filesystem.php(124): Illuminate\\Filesystem\\Filesystem::Illuminate\\Filesystem\\{closure}()
#1 /home/u844577645/domains/joxmako.com/public_html/admin/vendor/laravel/framework/src/Illuminate/View/Engines/PhpEngine.php(58): Illuminate\\Filesystem\\Filesystem->getRequire()
#2 /home/u844577645/domains/joxmako.com/public_html/admin/vendor/laravel/framework/src/Illuminate/View/Engines/CompilerEngine.php(72): Illuminate\\View\\Engines\\PhpEngine->evaluatePath()
#3 /home/u844577645/domains/joxmako.com/public_html/admin/vendor/laravel/framework/src/Illuminate/View/View.php(207): Illuminate\\View\\Engines\\CompilerEngine->get()
#4 /home/u844577645/domains/joxmako.com/public_html/admin/vendor/laravel/framework/src/Illuminate/View/View.php(190): Illuminate\\View\\View->getContents()
#5 /home/u844577645/domains/joxmako.com/public_html/admin/vendor/laravel/framework/src/Illuminate/View/View.php(159): Illuminate\\View\\View->renderContents()
#6 /home/u844577645/domains/joxmako.com/public_html/admin/vendor/laravel/framework/src/Illuminate/Http/Response.php(69): Illuminate\\View\\View->render()
#7 /home/u844577645/domains/joxmako.com/public_html/admin/vendor/laravel/framework/src/Illuminate/Http/Response.php(35): Illuminate\\Http\\Response->setContent()
#8 /home/u844577645/domains/joxmako.com/public_html/admin/vendor/laravel/framework/src/Illuminate/Routing/Router.php(918): Illuminate\\Http\\Response->__construct()
#9 /home/u844577645/domains/joxmako.com/public_html/admin/vendor/laravel/framework/src/Illuminate/Routing/Router.php(885): Illuminate\\Routing\\Router::toResponse()
#10 /home/u844577645/domains/joxmako.com/public_html/admin/vendor/laravel/framework/src/Illuminate/Routing/Router.php(805): Illuminate\\Routing\\Router->prepareResponse()
#11 /home/u844577645/domains/joxmako.com/public_html/admin/vendor/laravel/framework/src/Illuminate/Pipeline/Pipeline.php(144): Illuminate\\Routing\\Router->Illuminate\\Routing\\{closure}()
#12 /home/u844577645/domains/joxmako.com/public_html/admin/app/Http/Middleware/PermissionMiddleware.php(40): Illuminate\\Pipeline\\Pipeline->Illuminate\\Pipeline\\{closure}()
#13 /home/u844577645/domains/joxmako.com/public_html/admin/vendor/laravel/framework/src/Illuminate/Pipeline/Pipeline.php(183): App\\Http\\Middleware\\PermissionMiddleware->handle()
#14 /home/u844577645/domains/joxmako.com/public_html/admin/app/Http/Middleware/CheckUserRoleMiddleware.php(34): Illuminate\\Pipeline\\Pipeline->Illuminate\\Pipeline\\{closure}()
#15 /home/u844577645/domains/joxmako.com/public_html/admin/vendor/laravel/framework/src/Illuminate/Pipeline/Pipeline.php(183): App\\Http\\Middleware\\CheckUserRoleMiddleware->handle()
#16 /home/u844577645/domains/joxmako.com/public_html/admin/app/Http/Middleware/LanguageManager.php(23): Illuminate\\Pipeline\\Pipeline->Illuminate\\Pipeline\\{closure}()
#17 /home/u844577645/domains/joxmako.com/public_html/admin/vendor/laravel/framework/src/Illuminate/Pipeline/Pipeline.php(183): App\\Http\\Middleware\\LanguageManager->handle()
#18 /home/u844577645/domains/joxmako.com/public_html/admin/vendor/laravel/framework/src/Illuminate/Routing/Middleware/SubstituteBindings.php(50): Illuminate\\Pipeline\\Pipeline->Illuminate\\Pipeline\\{closure}()
#19 /home/u844577645/domains/joxmako.com/public_html/admin/vendor/laravel/framework/src/Illuminate/Pipeline/Pipeline.php(183): Illuminate\\Routing\\Middleware\\SubstituteBindings->handle()
#20 /home/u844577645/domains/joxmako.com/public_html/admin/vendor/laravel/framework/src/Illuminate/Auth/Middleware/Authenticate.php(57): Illuminate\\Pipeline\\Pipeline->Illuminate\\Pipeline\\{closure}()
#21 /home/u844577645/domains/joxmako.com/public_html/admin/vendor/laravel/framework/src/Illuminate/Pipeline/Pipeline.php(183): Illuminate\\Auth\\Middleware\\Authenticate->handle()
#22 /home/u844577645/domains/joxmako.com/public_html/admin/vendor/laravel/framework/src/Illuminate/Foundation/Http/Middleware/VerifyCsrfToken.php(78): Illuminate\\Pipeline\\Pipeline->Illuminate\\Pipeline\\{closure}()
#23 /home/u844577645/domains/joxmako.com/public_html/admin/vendor/laravel/framework/src/Illuminate/Pipeline/Pipeline.php(183): Illuminate\\Foundation\\Http\\Middleware\\VerifyCsrfToken->handle()
#24 /home/u844577645/domains/joxmako.com/public_html/admin/vendor/laravel/framework/src/Illuminate/View/Middleware/ShareErrorsFromSession.php(49): Illuminate\\Pipeline\\Pipeline->Illuminate\\Pipeline\\{closure}()
#25 /home/u844577645/domains/joxmako.com/public_html/admin/vendor/laravel/framework/src/Illuminate/Pipeline/Pipeline.php(183): Illuminate\\View\\Middleware\\ShareErrorsFromSession->handle()
#26 /home/u844577645/domains/joxmako.com/public_html/admin/vendor/laravel/framework/src/Illuminate/Session/Middleware/StartSession.php(121): Illuminate\\Pipeline\\Pipeline->Illuminate\\Pipeline\\{closure}()
#27 /home/u844577645/domains/joxmako.com/public_html/admin/vendor/laravel/framework/src/Illuminate/Session/Middleware/StartSession.php(64): Illuminate\\Session\\Middleware\\StartSession->handleStatefulRequest()
#28 /home/u844577645/domains/joxmako.com/public_html/admin/vendor/laravel/framework/src/Illuminate/Pipeline/Pipeline.php(183): Illuminate\\Session\\Middleware\\StartSession->handle()
#29 /home/u844577645/domains/joxmako.com/public_html/admin/vendor/laravel/framework/src/Illuminate/Cookie/Middleware/AddQueuedCookiesToResponse.php(37): Illuminate\\Pipeline\\Pipeline->Illuminate\\Pipeline\\{closure}()
#30 /home/u844577645/domains/joxmako.com/public_html/admin/vendor/laravel/framework/src/Illuminate/Pipeline/Pipeline.php(183): Illuminate\\Cookie\\Middleware\\AddQueuedCookiesToResponse->handle()
#31 /home/u844577645/domains/joxmako.com/public_html/admin/vendor/laravel/framework/src/Illuminate/Cookie/Middleware/EncryptCookies.php(67): Illuminate\\Pipeline\\Pipeline->Illuminate\\Pipeline\\{closure}()
#32 /home/u844577645/domains/joxmako.com/public_html/admin/vendor/laravel/framework/src/Illuminate/Pipeline/Pipeline.php(183): Illuminate\\Cookie\\Middleware\\EncryptCookies->handle()
#33 /home/u844577645/domains/joxmako.com/public_html/admin/vendor/laravel/framework/src/Illuminate/Pipeline/Pipeline.php(119): Illuminate\\Pipeline\\Pipeline->Illuminate\\Pipeline\\{closure}()
#34 /home/u844577645/domains/joxmako.com/public_html/admin/vendor/laravel/framework/src/Illuminate/Routing/Router.php(805): Illuminate\\Pipeline\\Pipeline->then()
#35 /home/u844577645/domains/joxmako.com/public_html/admin/vendor/laravel/framework/src/Illuminate/Routing/Router.php(784): Illuminate\\Routing\\Router->runRouteWithinStack()
#36 /home/u844577645/domains/joxmako.com/public_html/admin/vendor/laravel/framework/src/Illuminate/Routing/Router.php(748): Illuminate\\Routing\\Router->runRoute()
#37 /home/u844577645/domains/joxmako.com/public_html/admin/vendor/laravel/framework/src/Illuminate/Routing/Router.php(737): Illuminate\\Routing\\Router->dispatchToRoute()
#38 /home/u844577645/domains/joxmako.com/public_html/admin/vendor/laravel/framework/src/Illuminate/Foundation/Http/Kernel.php(200): Illuminate\\Routing\\Router->dispatch()
#39 /home/u844577645/domains/joxmako.com/public_html/admin/vendor/laravel/framework/src/Illuminate/Pipeline/Pipeline.php(144): Illuminate\\Foundation\\Http\\Kernel->Illuminate\\Foundation\\Http\\{closure}()
#40 /home/u844577645/domains/joxmako.com/public_html/admin/vendor/laravel/framework/src/Illuminate/Foundation/Http/Middleware/TransformsRequest.php(21): Illuminate\\Pipeline\\Pipeline->Illuminate\\Pipeline\\{closure}()
#41 /home/u844577645/domains/joxmako.com/public_html/admin/vendor/laravel/framework/src/Illuminate/Foundation/Http/Middleware/ConvertEmptyStringsToNull.php(31): Illuminate\\Foundation\\Http\\Middleware\\TransformsRequest->handle()
#42 /home/u844577645/domains/joxmako.com/public_html/admin/vendor/laravel/framework/src/Illuminate/Pipeline/Pipeline.php(183): Illuminate\\Foundation\\Http\\Middleware\\ConvertEmptyStringsToNull->handle()
#43 /home/u844577645/domains/joxmako.com/public_html/admin/vendor/laravel/framework/src/Illuminate/Foundation/Http/Middleware/TransformsRequest.php(21): Illuminate\\Pipeline\\Pipeline->Illuminate\\Pipeline\\{closure}()
#44 /home/u844577645/domains/joxmako.com/public_html/admin/vendor/laravel/framework/src/Illuminate/Foundation/Http/Middleware/TrimStrings.php(40): Illuminate\\Foundation\\Http\\Middleware\\TransformsRequest->handle()
#45 /home/u844577645/domains/joxmako.com/public_html/admin/vendor/laravel/framework/src/Illuminate/Pipeline/Pipeline.php(183): Illuminate\\Foundation\\Http\\Middleware\\TrimStrings->handle()
#46 /home/u844577645/domains/joxmako.com/public_html/admin/vendor/laravel/framework/src/Illuminate/Foundation/Http/Middleware/ValidatePostSize.php(27): Illuminate\\Pipeline\\Pipeline->Illuminate\\Pipeline\\{closure}()
#47 /home/u844577645/domains/joxmako.com/public_html/admin/vendor/laravel/framework/src/Illuminate/Pipeline/Pipeline.php(183): Illuminate\\Foundation\\Http\\Middleware\\ValidatePostSize->handle()
#48 /home/u844577645/domains/joxmako.com/public_html/admin/vendor/laravel/framework/src/Illuminate/Foundation/Http/Middleware/PreventRequestsDuringMaintenance.php(99): Illuminate\\Pipeline\\Pipeline->Illuminate\\Pipeline\\{closure}()
#49 /home/u844577645/domains/joxmako.com/public_html/admin/vendor/laravel/framework/src/Illuminate/Pipeline/Pipeline.php(183): Illuminate\\Foundation\\Http\\Middleware\\PreventRequestsDuringMaintenance->handle()
#50 /home/u844577645/domains/joxmako.com/public_html/admin/vendor/laravel/framework/src/Illuminate/Http/Middleware/HandleCors.php(49): Illuminate\\Pipeline\\Pipeline->Illuminate\\Pipeline\\{closure}()
#51 /home/u844577645/domains/joxmako.com/public_html/admin/vendor/laravel/framework/src/Illuminate/Pipeline/Pipeline.php(183): Illuminate\\Http\\Middleware\\HandleCors->handle()
#52 /home/u844577645/domains/joxmako.com/public_html/admin/vendor/laravel/framework/src/Illuminate/Http/Middleware/TrustProxies.php(39): Illuminate\\Pipeline\\Pipeline->Illuminate\\Pipeline\\{closure}()
#53 /home/u844577645/domains/joxmako.com/public_html/admin/vendor/laravel/framework/src/Illuminate/Pipeline/Pipeline.php(183): Illuminate\\Http\\Middleware\\TrustProxies->handle()
#54 /home/u844577645/domains/joxmako.com/public_html/admin/vendor/laravel/framework/src/Illuminate/Pipeline/Pipeline.php(119): Illuminate\\Pipeline\\Pipeline->Illuminate\\Pipeline\\{closure}()
#55 /home/u844577645/domains/joxmako.com/public_html/admin/vendor/laravel/framework/src/Illuminate/Foundation/Http/Kernel.php(175): Illuminate\\Pipeline\\Pipeline->then()
#56 /home/u844577645/domains/joxmako.com/public_html/admin/vendor/laravel/framework/src/Illuminate/Foundation/Http/Kernel.php(144): Illuminate\\Foundation\\Http\\Kernel->sendRequestThroughRouter()
#57 /home/u844577645/domains/joxmako.com/public_html/admin/public/index.php(51): Illuminate\\Foundation\\Http\\Kernel->handle()
#58 {main}

[previous exception] [object] (ParseError(code: 0): syntax error, unexpected single-quoted string \")); ?>\" class=\"btn btn-default...\", expecting \")\" at /home/u844577645/domains/joxmako.com/public_html/admin/storage/framework/views/f670c81e644e1f8df9c4e40a2532b08d.php:1661)
[stacktrace]
#0 /home/u844577645/domains/joxmako.com/public_html/admin/vendor/laravel/framework/src/Illuminate/Filesystem/Filesystem.php(124): Illuminate\\Filesystem\\Filesystem::Illuminate\\Filesystem\\{closure}()
#1 /home/u844577645/domains/joxmako.com/public_html/admin/vendor/laravel/framework/src/Illuminate/View/Engines/PhpEngine.php(58): Illuminate\\Filesystem\\Filesystem->getRequire()
#2 /home/u844577645/domains/joxmako.com/public_html/admin/vendor/laravel/framework/src/Illuminate/View/Engines/CompilerEngine.php(72): Illuminate\\View\\Engines\\PhpEngine->evaluatePath()
#3 /home/u844577645/domains/joxmako.com/public_html/admin/vendor/laravel/framework/src/Illuminate/View/View.php(207): Illuminate\\View\\Engines\\CompilerEngine->get()
#4 /home/u844577645/domains/joxmako.com/public_html/admin/vendor/laravel/framework/src/Illuminate/View/View.php(190): Illuminate\\View\\View->getContents()
#5 /home/u844577645/domains/joxmako.com/public_html/admin/vendor/laravel/framework/src/Illuminate/View/View.php(159): Illuminate\\View\\View->renderContents()
#6 /home/u844577645/domains/joxmako.com/public_html/admin/vendor/laravel/framework/src/Illuminate/Http/Response.php(69): Illuminate\\View\\View->render()
#7 /home/u844577645/domains/joxmako.com/public_html/admin/vendor/laravel/framework/src/Illuminate/Http/Response.php(35): Illuminate\\Http\\Response->setContent()
#8 /home/u844577645/domains/joxmako.com/public_html/admin/vendor/laravel/framework/src/Illuminate/Routing/Router.php(918): Illuminate\\Http\\Response->__construct()
#9 /home/u844577645/domains/joxmako.com/public_html/admin/vendor/laravel/framework/src/Illuminate/Routing/Router.php(885): Illuminate\\Routing\\Router::toResponse()
#10 /home/u844577645/domains/joxmako.com/public_html/admin/vendor/laravel/framework/src/Illuminate/Routing/Router.php(805): Illuminate\\Routing\\Router->prepareResponse()
#11 /home/u844577645/domains/joxmako.com/public_html/admin/vendor/laravel/framework/src/Illuminate/Pipeline/Pipeline.php(144): Illuminate\\Routing\\Router->Illuminate\\Routing\\{closure}()
#12 /home/u844577645/domains/joxmako.com/public_html/admin/app/Http/Middleware/PermissionMiddleware.php(40): Illuminate\\Pipeline\\Pipeline->Illuminate\\Pipeline\\{closure}()
#13 /home/u844577645/domains/joxmako.com/public_html/admin/vendor/laravel/framework/src/Illuminate/Pipeline/Pipeline.php(183): App\\Http\\Middleware\\PermissionMiddleware->handle()
#14 /home/u844577645/domains/joxmako.com/public_html/admin/app/Http/Middleware/CheckUserRoleMiddleware.php(34): Illuminate\\Pipeline\\Pipeline->Illuminate\\Pipeline\\{closure}()
#15 /home/u844577645/domains/joxmako.com/public_html/admin/vendor/laravel/framework/src/Illuminate/Pipeline/Pipeline.php(183): App\\Http\\Middleware\\CheckUserRoleMiddleware->handle()
#16 /home/u844577645/domains/joxmako.com/public_html/admin/app/Http/Middleware/LanguageManager.php(23): Illuminate\\Pipeline\\Pipeline->Illuminate\\Pipeline\\{closure}()
#17 /home/u844577645/domains/joxmako.com/public_html/admin/vendor/laravel/framework/src/Illuminate/Pipeline/Pipeline.php(183): App\\Http\\Middleware\\LanguageManager->handle()
#18 /home/u844577645/domains/joxmako.com/public_html/admin/vendor/laravel/framework/src/Illuminate/Routing/Middleware/SubstituteBindings.php(50): Illuminate\\Pipeline\\Pipeline->Illuminate\\Pipeline\\{closure}()
#19 /home/u844577645/domains/joxmako.com/public_html/admin/vendor/laravel/framework/src/Illuminate/Pipeline/Pipeline.php(183): Illuminate\\Routing\\Middleware\\SubstituteBindings->handle()
#20 /home/u844577645/domains/joxmako.com/public_html/admin/vendor/laravel/framework/src/Illuminate/Auth/Middleware/Authenticate.php(57): Illuminate\\Pipeline\\Pipeline->Illuminate\\Pipeline\\{closure}()
#21 /home/u844577645/domains/joxmako.com/public_html/admin/vendor/laravel/framework/src/Illuminate/Pipeline/Pipeline.php(183): Illuminate\\Auth\\Middleware\\Authenticate->handle()
#22 /home/u844577645/domains/joxmako.com/public_html/admin/vendor/laravel/framework/src/Illuminate/Foundation/Http/Middleware/VerifyCsrfToken.php(78): Illuminate\\Pipeline\\Pipeline->Illuminate\\Pipeline\\{closure}()
#23 /home/u844577645/domains/joxmako.com/public_html/admin/vendor/laravel/framework/src/Illuminate/Pipeline/Pipeline.php(183): Illuminate\\Foundation\\Http\\Middleware\\VerifyCsrfToken->handle()
#24 /home/u844577645/domains/joxmako.com/public_html/admin/vendor/laravel/framework/src/Illuminate/View/Middleware/ShareErrorsFromSession.php(49): Illuminate\\Pipeline\\Pipeline->Illuminate\\Pipeline\\{closure}()
#25 /home/u844577645/domains/joxmako.com/public_html/admin/vendor/laravel/framework/src/Illuminate/Pipeline/Pipeline.php(183): Illuminate\\View\\Middleware\\ShareErrorsFromSession->handle()
#26 /home/u844577645/domains/joxmako.com/public_html/admin/vendor/laravel/framework/src/Illuminate/Session/Middleware/StartSession.php(121): Illuminate\\Pipeline\\Pipeline->Illuminate\\Pipeline\\{closure}()
#27 /home/u844577645/domains/joxmako.com/public_html/admin/vendor/laravel/framework/src/Illuminate/Session/Middleware/StartSession.php(64): Illuminate\\Session\\Middleware\\StartSession->handleStatefulRequest()
#28 /home/u844577645/domains/joxmako.com/public_html/admin/vendor/laravel/framework/src/Illuminate/Pipeline/Pipeline.php(183): Illuminate\\Session\\Middleware\\StartSession->handle()
#29 /home/u844577645/domains/joxmako.com/public_html/admin/vendor/laravel/framework/src/Illuminate/Cookie/Middleware/AddQueuedCookiesToResponse.php(37): Illuminate\\Pipeline\\Pipeline->Illuminate\\Pipeline\\{closure}()
#30 /home/u844577645/domains/joxmako.com/public_html/admin/vendor/laravel/framework/src/Illuminate/Pipeline/Pipeline.php(183): Illuminate\\Cookie\\Middleware\\AddQueuedCookiesToResponse->handle()
#31 /home/u844577645/domains/joxmako.com/public_html/admin/vendor/laravel/framework/src/Illuminate/Cookie/Middleware/EncryptCookies.php(67): Illuminate\\Pipeline\\Pipeline->Illuminate\\Pipeline\\{closure}()
#32 /home/u844577645/domains/joxmako.com/public_html/admin/vendor/laravel/framework/src/Illuminate/Pipeline/Pipeline.php(183): Illuminate\\Cookie\\Middleware\\EncryptCookies->handle()
#33 /home/u844577645/domains/joxmako.com/public_html/admin/vendor/laravel/framework/src/Illuminate/Pipeline/Pipeline.php(119): Illuminate\\Pipeline\\Pipeline->Illuminate\\Pipeline\\{closure}()
#34 /home/u844577645/domains/joxmako.com/public_html/admin/vendor/laravel/framework/src/Illuminate/Routing/Router.php(805): Illuminate\\Pipeline\\Pipeline->then()
#35 /home/u844577645/domains/joxmako.com/public_html/admin/vendor/laravel/framework/src/Illuminate/Routing/Router.php(784): Illuminate\\Routing\\Router->runRouteWithinStack()
#36 /home/u844577645/domains/joxmako.com/public_html/admin/vendor/laravel/framework/src/Illuminate/Routing/Router.php(748): Illuminate\\Routing\\Router->runRoute()
#37 /home/u844577645/domains/joxmako.com/public_html/admin/vendor/laravel/framework/src/Illuminate/Routing/Router.php(737): Illuminate\\Routing\\Router->dispatchToRoute()
#38 /home/u844577645/domains/joxmako.com/public_html/admin/vendor/laravel/framework/src/Illuminate/Foundation/Http/Kernel.php(200): Illuminate\\Routing\\Router->dispatch()
#39 /home/u844577645/domains/joxmako.com/public_html/admin/vendor/laravel/framework/src/Illuminate/Pipeline/Pipeline.php(144): Illuminate\\Foundation\\Http\\Kernel->Illuminate\\Foundation\\Http\\{closure}()
#40 /home/u844577645/domains/joxmako.com/public_html/admin/vendor/laravel/framework/src/Illuminate/Foundation/Http/Middleware/TransformsRequest.php(21): Illuminate\\Pipeline\\Pipeline->Illuminate\\Pipeline\\{closure}()
#41 /home/u844577645/domains/joxmako.com/public_html/admin/vendor/laravel/framework/src/Illuminate/Foundation/Http/Middleware/ConvertEmptyStringsToNull.php(31): Illuminate\\Foundation\\Http\\Middleware\\TransformsRequest->handle()
#42 /home/u844577645/domains/joxmako.com/public_html/admin/vendor/laravel/framework/src/Illuminate/Pipeline/Pipeline.php(183): Illuminate\\Foundation\\Http\\Middleware\\ConvertEmptyStringsToNull->handle()
#43 /home/u844577645/domains/joxmako.com/public_html/admin/vendor/laravel/framework/src/Illuminate/Foundation/Http/Middleware/TransformsRequest.php(21): Illuminate\\Pipeline\\Pipeline->Illuminate\\Pipeline\\{closure}()
#44 /home/u844577645/domains/joxmako.com/public_html/admin/vendor/laravel/framework/src/Illuminate/Foundation/Http/Middleware/TrimStrings.php(40): Illuminate\\Foundation\\Http\\Middleware\\TransformsRequest->handle()
#45 /home/u844577645/domains/joxmako.com/public_html/admin/vendor/laravel/framework/src/Illuminate/Pipeline/Pipeline.php(183): Illuminate\\Foundation\\Http\\Middleware\\TrimStrings->handle()
#46 /home/u844577645/domains/joxmako.com/public_html/admin/vendor/laravel/framework/src/Illuminate/Foundation/Http/Middleware/ValidatePostSize.php(27): Illuminate\\Pipeline\\Pipeline->Illuminate\\Pipeline\\{closure}()
#47 /home/u844577645/domains/joxmako.com/public_html/admin/vendor/laravel/framework/src/Illuminate/Pipeline/Pipeline.php(183): Illuminate\\Foundation\\Http\\Middleware\\ValidatePostSize->handle()
#48 /home/u844577645/domains/joxmako.com/public_html/admin/vendor/laravel/framework/src/Illuminate/Foundation/Http/Middleware/PreventRequestsDuringMaintenance.php(99): Illuminate\\Pipeline\\Pipeline->Illuminate\\Pipeline\\{closure}()
#49 /home/u844577645/domains/joxmako.com/public_html/admin/vendor/laravel/framework/src/Illuminate/Pipeline/Pipeline.php(183): Illuminate\\Foundation\\Http\\Middleware\\PreventRequestsDuringMaintenance->handle()
#50 /home/u844577645/domains/joxmako.com/public_html/admin/vendor/laravel/framework/src/Illuminate/Http/Middleware/HandleCors.php(49): Illuminate\\Pipeline\\Pipeline->Illuminate\\Pipeline\\{closure}()
#51 /home/u844577645/domains/joxmako.com/public_html/admin/vendor/laravel/framework/src/Illuminate/Pipeline/Pipeline.php(183): Illuminate\\Http\\Middleware\\HandleCors->handle()
#52 /home/u844577645/domains/joxmako.com/public_html/admin/vendor/laravel/framework/src/Illuminate/Http/Middleware/TrustProxies.php(39): Illuminate\\Pipeline\\Pipeline->Illuminate\\Pipeline\\{closure}()
#53 /home/u844577645/domains/joxmako.com/public_html/admin/vendor/laravel/framework/src/Illuminate/Pipeline/Pipeline.php(183): Illuminate\\Http\\Middleware\\TrustProxies->handle()
#54 /home/u844577645/domains/joxmako.com/public_html/admin/vendor/laravel/framework/src/Illuminate/Pipeline/Pipeline.php(119): Illuminate\\Pipeline\\Pipeline->Illuminate\\Pipeline\\{closure}()
#55 /home/u844577645/domains/joxmako.com/public_html/admin/vendor/laravel/framework/src/Illuminate/Foundation/Http/Kernel.php(175): Illuminate\\Pipeline\\Pipeline->then()
#56 /home/u844577645/domains/joxmako.com/public_html/admin/vendor/laravel/framework/src/Illuminate/Foundation/Http/Kernel.php(144): Illuminate\\Foundation\\Http\\Kernel->sendRequestThroughRouter()
#57 /home/u844577645/domains/joxmako.com/public_html/admin/public/index.php(51): Illuminate\\Foundation\\Http\\Kernel->handle()
#58 {main}
"} 
[2026-05-14 22:10:35] local.ERROR: syntax error, unexpected single-quoted string ")); ?>" class="btn btn-default...", expecting ")" {"view":{"view":"/home/u844577645/domains/joxmako.com/public_html/admin/resources/views/role/save.blade.php","data":[]},"userId":1,"exception":"[object] (Spatie\\LaravelIgnition\\Exceptions\\ViewException(code: 0): syntax error, unexpected single-quoted string \")); ?>\" class=\"btn btn-default...\", expecting \")\" at /home/u844577645/domains/joxmako.com/public_html/admin/resources/views/role/save.blade.php:1661)
[stacktrace]
#0 /home/u844577645/domains/joxmako.com/public_html/admin/vendor/laravel/framework/src/Illuminate/Filesystem/Filesystem.php(124): Illuminate\\Filesystem\\Filesystem::Illuminate\\Filesystem\\{closure}()
#1 /home/u844577645/domains/joxmako.com/public_html/admin/vendor/laravel/framework/src/Illuminate/View/Engines/PhpEngine.php(58): Illuminate\\Filesystem\\Filesystem->getRequire()
#2 /home/u844577645/domains/joxmako.com/public_html/admin/vendor/laravel/framework/src/Illuminate/View/Engines/CompilerEngine.php(72): Illuminate\\View\\Engines\\PhpEngine->evaluatePath()
#3 /home/u844577645/domains/joxmako.com/public_html/admin/vendor/laravel/framework/src/Illuminate/View/View.php(207): Illuminate\\View\\Engines\\CompilerEngine->get()
#4 /home/u844577645/domains/joxmako.com/public_html/admin/vendor/laravel/framework/src/Illuminate/View/View.php(190): Illuminate\\View\\View->getContents()
#5 /home/u844577645/domains/joxmako.com/public_html/admin/vendor/laravel/framework/src/Illuminate/View/View.php(159): Illuminate\\View\\View->renderContents()
#6 /home/u844577645/domains/joxmako.com/public_html/admin/vendor/laravel/framework/src/Illuminate/Http/Response.php(69): Illuminate\\View\\View->render()
#7 /home/u844577645/domains/joxmako.com/public_html/admin/vendor/laravel/framework/src/Illuminate/Http/Response.php(35): Illuminate\\Http\\Response->setContent()
#8 /home/u844577645/domains/joxmako.com/public_html/admin/vendor/laravel/framework/src/Illuminate/Routing/Router.php(918): Illuminate\\Http\\Response->__construct()
#9 /home/u844577645/domains/joxmako.com/public_html/admin/vendor/laravel/framework/src/Illuminate/Routing/Router.php(885): Illuminate\\Routing\\Router::toResponse()
#10 /home/u844577645/domains/joxmako.com/public_html/admin/vendor/laravel/framework/src/Illuminate/Routing/Router.php(805): Illuminate\\Routing\\Router->prepareResponse()
#11 /home/u844577645/domains/joxmako.com/public_html/admin/vendor/laravel/framework/src/Illuminate/Pipeline/Pipeline.php(144): Illuminate\\Routing\\Router->Illuminate\\Routing\\{closure}()
#12 /home/u844577645/domains/joxmako.com/public_html/admin/app/Http/Middleware/PermissionMiddleware.php(40): Illuminate\\Pipeline\\Pipeline->Illuminate\\Pipeline\\{closure}()
#13 /home/u844577645/domains/joxmako.com/public_html/admin/vendor/laravel/framework/src/Illuminate/Pipeline/Pipeline.php(183): App\\Http\\Middleware\\PermissionMiddleware->handle()
#14 /home/u844577645/domains/joxmako.com/public_html/admin/app/Http/Middleware/CheckUserRoleMiddleware.php(34): Illuminate\\Pipeline\\Pipeline->Illuminate\\Pipeline\\{closure}()
#15 /home/u844577645/domains/joxmako.com/public_html/admin/vendor/laravel/framework/src/Illuminate/Pipeline/Pipeline.php(183): App\\Http\\Middleware\\CheckUserRoleMiddleware->handle()
#16 /home/u844577645/domains/joxmako.com/public_html/admin/app/Http/Middleware/LanguageManager.php(23): Illuminate\\Pipeline\\Pipeline->Illuminate\\Pipeline\\{closure}()
#17 /home/u844577645/domains/joxmako.com/public_html/admin/vendor/laravel/framework/src/Illuminate/Pipeline/Pipeline.php(183): App\\Http\\Middleware\\LanguageManager->handle()
#18 /home/u844577645/domains/joxmako.com/public_html/admin/vendor/laravel/framework/src/Illuminate/Routing/Middleware/SubstituteBindings.php(50): Illuminate\\Pipeline\\Pipeline->Illuminate\\Pipeline\\{closure}()
#19 /home/u844577645/domains/joxmako.com/public_html/admin/vendor/laravel/framework/src/Illuminate/Pipeline/Pipeline.php(183): Illuminate\\Routing\\Middleware\\SubstituteBindings->handle()
#20 /home/u844577645/domains/joxmako.com/public_html/admin/vendor/laravel/framework/src/Illuminate/Auth/Middleware/Authenticate.php(57): Illuminate\\Pipeline\\Pipeline->Illuminate\\Pipeline\\{closure}()
#21 /home/u844577645/domains/joxmako.com/public_html/admin/vendor/laravel/framework/src/Illuminate/Pipeline/Pipeline.php(183): Illuminate\\Auth\\Middleware\\Authenticate->handle()
#22 /home/u844577645/domains/joxmako.com/public_html/admin/vendor/laravel/framework/src/Illuminate/Foundation/Http/Middleware/VerifyCsrfToken.php(78): Illuminate\\Pipeline\\Pipeline->Illuminate\\Pipeline\\{closure}()
#23 /home/u844577645/domains/joxmako.com/public_html/admin/vendor/laravel/framework/src/Illuminate/Pipeline/Pipeline.php(183): Illuminate\\Foundation\\Http\\Middleware\\VerifyCsrfToken->handle()
#24 /home/u844577645/domains/joxmako.com/public_html/admin/vendor/laravel/framework/src/Illuminate/View/Middleware/ShareErrorsFromSession.php(49): Illuminate\\Pipeline\\Pipeline->Illuminate\\Pipeline\\{closure}()
#25 /home/u844577645/domains/joxmako.com/public_html/admin/vendor/laravel/framework/src/Illuminate/Pipeline/Pipeline.php(183): Illuminate\\View\\Middleware\\ShareErrorsFromSession->handle()
#26 /home/u844577645/domains/joxmako.com/public_html/admin/vendor/laravel/framework/src/Illuminate/Session/Middleware/StartSession.php(121): Illuminate\\Pipeline\\Pipeline->Illuminate\\Pipeline\\{closure}()
#27 /home/u844577645/domains/joxmako.com/public_html/admin/vendor/laravel/framework/src/Illuminate/Session/Middleware/StartSession.php(64): Illuminate\\Session\\Middleware\\StartSession->handleStatefulRequest()
#28 /home/u844577645/domains/joxmako.com/public_html/admin/vendor/laravel/framework/src/Illuminate/Pipeline/Pipeline.php(183): Illuminate\\Session\\Middleware\\StartSession->handle()
#29 /home/u844577645/domains/joxmako.com/public_html/admin/vendor/laravel/framework/src/Illuminate/Cookie/Middleware/AddQueuedCookiesToResponse.php(37): Illuminate\\Pipeline\\Pipeline->Illuminate\\Pipeline\\{closure}()
#30 /home/u844577645/domains/joxmako.com/public_html/admin/vendor/laravel/framework/src/Illuminate/Pipeline/Pipeline.php(183): Illuminate\\Cookie\\Middleware\\AddQueuedCookiesToResponse->handle()
#31 /home/u844577645/domains/joxmako.com/public_html/admin/vendor/laravel/framework/src/Illuminate/Cookie/Middleware/EncryptCookies.php(67): Illuminate\\Pipeline\\Pipeline->Illuminate\\Pipeline\\{closure}()
#32 /home/u844577645/domains/joxmako.com/public_html/admin/vendor/laravel/framework/src/Illuminate/Pipeline/Pipeline.php(183): Illuminate\\Cookie\\Middleware\\EncryptCookies->handle()
#33 /home/u844577645/domains/joxmako.com/public_html/admin/vendor/laravel/framework/src/Illuminate/Pipeline/Pipeline.php(119): Illuminate\\Pipeline\\Pipeline->Illuminate\\Pipeline\\{closure}()
#34 /home/u844577645/domains/joxmako.com/public_html/admin/vendor/laravel/framework/src/Illuminate/Routing/Router.php(805): Illuminate\\Pipeline\\Pipeline->then()
#35 /home/u844577645/domains/joxmako.com/public_html/admin/vendor/laravel/framework/src/Illuminate/Routing/Router.php(784): Illuminate\\Routing\\Router->runRouteWithinStack()
#36 /home/u844577645/domains/joxmako.com/public_html/admin/vendor/laravel/framework/src/Illuminate/Routing/Router.php(748): Illuminate\\Routing\\Router->runRoute()
#37 /home/u844577645/domains/joxmako.com/public_html/admin/vendor/laravel/framework/src/Illuminate/Routing/Router.php(737): Illuminate\\Routing\\Router->dispatchToRoute()
#38 /home/u844577645/domains/joxmako.com/public_html/admin/vendor/laravel/framework/src/Illuminate/Foundation/Http/Kernel.php(200): Illuminate\\Routing\\Router->dispatch()
#39 /home/u844577645/domains/joxmako.com/public_html/admin/vendor/laravel/framework/src/Illuminate/Pipeline/Pipeline.php(144): Illuminate\\Foundation\\Http\\Kernel->Illuminate\\Foundation\\Http\\{closure}()
#40 /home/u844577645/domains/joxmako.com/public_html/admin/vendor/laravel/framework/src/Illuminate/Foundation/Http/Middleware/TransformsRequest.php(21): Illuminate\\Pipeline\\Pipeline->Illuminate\\Pipeline\\{closure}()
#41 /home/u844577645/domains/joxmako.com/public_html/admin/vendor/laravel/framework/src/Illuminate/Foundation/Http/Middleware/ConvertEmptyStringsToNull.php(31): Illuminate\\Foundation\\Http\\Middleware\\TransformsRequest->handle()
#42 /home/u844577645/domains/joxmako.com/public_html/admin/vendor/laravel/framework/src/Illuminate/Pipeline/Pipeline.php(183): Illuminate\\Foundation\\Http\\Middleware\\ConvertEmptyStringsToNull->handle()
#43 /home/u844577645/domains/joxmako.com/public_html/admin/vendor/laravel/framework/src/Illuminate/Foundation/Http/Middleware/TransformsRequest.php(21): Illuminate\\Pipeline\\Pipeline->Illuminate\\Pipeline\\{closure}()
#44 /home/u844577645/domains/joxmako.com/public_html/admin/vendor/laravel/framework/src/Illuminate/Foundation/Http/Middleware/TrimStrings.php(40): Illuminate\\Foundation\\Http\\Middleware\\TransformsRequest->handle()
#45 /home/u844577645/domains/joxmako.com/public_html/admin/vendor/laravel/framework/src/Illuminate/Pipeline/Pipeline.php(183): Illuminate\\Foundation\\Http\\Middleware\\TrimStrings->handle()
#46 /home/u844577645/domains/joxmako.com/public_html/admin/vendor/laravel/framework/src/Illuminate/Foundation/Http/Middleware/ValidatePostSize.php(27): Illuminate\\Pipeline\\Pipeline->Illuminate\\Pipeline\\{closure}()
#47 /home/u844577645/domains/joxmako.com/public_html/admin/vendor/laravel/framework/src/Illuminate/Pipeline/Pipeline.php(183): Illuminate\\Foundation\\Http\\Middleware\\ValidatePostSize->handle()
#48 /home/u844577645/domains/joxmako.com/public_html/admin/vendor/laravel/framework/src/Illuminate/Foundation/Http/Middleware/PreventRequestsDuringMaintenance.php(99): Illuminate\\Pipeline\\Pipeline->Illuminate\\Pipeline\\{closure}()
#49 /home/u844577645/domains/joxmako.com/public_html/admin/vendor/laravel/framework/src/Illuminate/Pipeline/Pipeline.php(183): Illuminate\\Foundation\\Http\\Middleware\\PreventRequestsDuringMaintenance->handle()
#50 /home/u844577645/domains/joxmako.com/public_html/admin/vendor/laravel/framework/src/Illuminate/Http/Middleware/HandleCors.php(49): Illuminate\\Pipeline\\Pipeline->Illuminate\\Pipeline\\{closure}()
#51 /home/u844577645/domains/joxmako.com/public_html/admin/vendor/laravel/framework/src/Illuminate/Pipeline/Pipeline.php(183): Illuminate\\Http\\Middleware\\HandleCors->handle()
#52 /home/u844577645/domains/joxmako.com/public_html/admin/vendor/laravel/framework/src/Illuminate/Http/Middleware/TrustProxies.php(39): Illuminate\\Pipeline\\Pipeline->Illuminate\\Pipeline\\{closure}()
#53 /home/u844577645/domains/joxmako.com/public_html/admin/vendor/laravel/framework/src/Illuminate/Pipeline/Pipeline.php(183): Illuminate\\Http\\Middleware\\TrustProxies->handle()
#54 /home/u844577645/domains/joxmako.com/public_html/admin/vendor/laravel/framework/src/Illuminate/Pipeline/Pipeline.php(119): Illuminate\\Pipeline\\Pipeline->Illuminate\\Pipeline\\{closure}()
#55 /home/u844577645/domains/joxmako.com/public_html/admin/vendor/laravel/framework/src/Illuminate/Foundation/Http/Kernel.php(175): Illuminate\\Pipeline\\Pipeline->then()
#56 /home/u844577645/domains/joxmako.com/public_html/admin/vendor/laravel/framework/src/Illuminate/Foundation/Http/Kernel.php(144): Illuminate\\Foundation\\Http\\Kernel->sendRequestThroughRouter()
#57 /home/u844577645/domains/joxmako.com/public_html/admin/public/index.php(51): Illuminate\\Foundation\\Http\\Kernel->handle()
#58 {main}

[previous exception] [object] (ParseError(code: 0): syntax error, unexpected single-quoted string \")); ?>\" class=\"btn btn-default...\", expecting \")\" at /home/u844577645/domains/joxmako.com/public_html/admin/storage/framework/views/f670c81e644e1f8df9c4e40a2532b08d.php:1661)
[stacktrace]
#0 /home/u844577645/domains/joxmako.com/public_html/admin/vendor/laravel/framework/src/Illuminate/Filesystem/Filesystem.php(124): Illuminate\\Filesystem\\Filesystem::Illuminate\\Filesystem\\{closure}()
#1 /home/u844577645/domains/joxmako.com/public_html/admin/vendor/laravel/framework/src/Illuminate/View/Engines/PhpEngine.php(58): Illuminate\\Filesystem\\Filesystem->getRequire()
#2 /home/u844577645/domains/joxmako.com/public_html/admin/vendor/laravel/framework/src/Illuminate/View/Engines/CompilerEngine.php(72): Illuminate\\View\\Engines\\PhpEngine->evaluatePath()
#3 /home/u844577645/domains/joxmako.com/public_html/admin/vendor/laravel/framework/src/Illuminate/View/View.php(207): Illuminate\\View\\Engines\\CompilerEngine->get()
#4 /home/u844577645/domains/joxmako.com/public_html/admin/vendor/laravel/framework/src/Illuminate/View/View.php(190): Illuminate\\View\\View->getContents()
#5 /home/u844577645/domains/joxmako.com/public_html/admin/vendor/laravel/framework/src/Illuminate/View/View.php(159): Illuminate\\View\\View->renderContents()
#6 /home/u844577645/domains/joxmako.com/public_html/admin/vendor/laravel/framework/src/Illuminate/Http/Response.php(69): Illuminate\\View\\View->render()
#7 /home/u844577645/domains/joxmako.com/public_html/admin/vendor/laravel/framework/src/Illuminate/Http/Response.php(35): Illuminate\\Http\\Response->setContent()
#8 /home/u844577645/domains/joxmako.com/public_html/admin/vendor/laravel/framework/src/Illuminate/Routing/Router.php(918): Illuminate\\Http\\Response->__construct()
#9 /home/u844577645/domains/joxmako.com/public_html/admin/vendor/laravel/framework/src/Illuminate/Routing/Router.php(885): Illuminate\\Routing\\Router::toResponse()
#10 /home/u844577645/domains/joxmako.com/public_html/admin/vendor/laravel/framework/src/Illuminate/Routing/Router.php(805): Illuminate\\Routing\\Router->prepareResponse()
#11 /home/u844577645/domains/joxmako.com/public_html/admin/vendor/laravel/framework/src/Illuminate/Pipeline/Pipeline.php(144): Illuminate\\Routing\\Router->Illuminate\\Routing\\{closure}()
#12 /home/u844577645/domains/joxmako.com/public_html/admin/app/Http/Middleware/PermissionMiddleware.php(40): Illuminate\\Pipeline\\Pipeline->Illuminate\\Pipeline\\{closure}()
#13 /home/u844577645/domains/joxmako.com/public_html/admin/vendor/laravel/framework/src/Illuminate/Pipeline/Pipeline.php(183): App\\Http\\Middleware\\PermissionMiddleware->handle()
#14 /home/u844577645/domains/joxmako.com/public_html/admin/app/Http/Middleware/CheckUserRoleMiddleware.php(34): Illuminate\\Pipeline\\Pipeline->Illuminate\\Pipeline\\{closure}()
#15 /home/u844577645/domains/joxmako.com/public_html/admin/vendor/laravel/framework/src/Illuminate/Pipeline/Pipeline.php(183): App\\Http\\Middleware\\CheckUserRoleMiddleware->handle()
#16 /home/u844577645/domains/joxmako.com/public_html/admin/app/Http/Middleware/LanguageManager.php(23): Illuminate\\Pipeline\\Pipeline->Illuminate\\Pipeline\\{closure}()
#17 /home/u844577645/domains/joxmako.com/public_html/admin/vendor/laravel/framework/src/Illuminate/Pipeline/Pipeline.php(183): App\\Http\\Middleware\\LanguageManager->handle()
#18 /home/u844577645/domains/joxmako.com/public_html/admin/vendor/laravel/framework/src/Illuminate/Routing/Middleware/SubstituteBindings.php(50): Illuminate\\Pipeline\\Pipeline->Illuminate\\Pipeline\\{closure}()
#19 /home/u844577645/domains/joxmako.com/public_html/admin/vendor/laravel/framework/src/Illuminate/Pipeline/Pipeline.php(183): Illuminate\\Routing\\Middleware\\SubstituteBindings->handle()
#20 /home/u844577645/domains/joxmako.com/public_html/admin/vendor/laravel/framework/src/Illuminate/Auth/Middleware/Authenticate.php(57): Illuminate\\Pipeline\\Pipeline->Illuminate\\Pipeline\\{closure}()
#21 /home/u844577645/domains/joxmako.com/public_html/admin/vendor/laravel/framework/src/Illuminate/Pipeline/Pipeline.php(183): Illuminate\\Auth\\Middleware\\Authenticate->handle()
#22 /home/u844577645/domains/joxmako.com/public_html/admin/vendor/laravel/framework/src/Illuminate/Foundation/Http/Middleware/VerifyCsrfToken.php(78): Illuminate\\Pipeline\\Pipeline->Illuminate\\Pipeline\\{closure}()
#23 /home/u844577645/domains/joxmako.com/public_html/admin/vendor/laravel/framework/src/Illuminate/Pipeline/Pipeline.php(183): Illuminate\\Foundation\\Http\\Middleware\\VerifyCsrfToken->handle()
#24 /home/u844577645/domains/joxmako.com/public_html/admin/vendor/laravel/framework/src/Illuminate/View/Middleware/ShareErrorsFromSession.php(49): Illuminate\\Pipeline\\Pipeline->Illuminate\\Pipeline\\{closure}()
#25 /home/u844577645/domains/joxmako.com/public_html/admin/vendor/laravel/framework/src/Illuminate/Pipeline/Pipeline.php(183): Illuminate\\View\\Middleware\\ShareErrorsFromSession->handle()
#26 /home/u844577645/domains/joxmako.com/public_html/admin/vendor/laravel/framework/src/Illuminate/Session/Middleware/StartSession.php(121): Illuminate\\Pipeline\\Pipeline->Illuminate\\Pipeline\\{closure}()
#27 /home/u844577645/domains/joxmako.com/public_html/admin/vendor/laravel/framework/src/Illuminate/Session/Middleware/StartSession.php(64): Illuminate\\Session\\Middleware\\StartSession->handleStatefulRequest()
#28 /home/u844577645/domains/joxmako.com/public_html/admin/vendor/laravel/framework/src/Illuminate/Pipeline/Pipeline.php(183): Illuminate\\Session\\Middleware\\StartSession->handle()
#29 /home/u844577645/domains/joxmako.com/public_html/admin/vendor/laravel/framework/src/Illuminate/Cookie/Middleware/AddQueuedCookiesToResponse.php(37): Illuminate\\Pipeline\\Pipeline->Illuminate\\Pipeline\\{closure}()
#30 /home/u844577645/domains/joxmako.com/public_html/admin/vendor/laravel/framework/src/Illuminate/Pipeline/Pipeline.php(183): Illuminate\\Cookie\\Middleware\\AddQueuedCookiesToResponse->handle()
#31 /home/u844577645/domains/joxmako.com/public_html/admin/vendor/laravel/framework/src/Illuminate/Cookie/Middleware/EncryptCookies.php(67): Illuminate\\Pipeline\\Pipeline->Illuminate\\Pipeline\\{closure}()
#32 /home/u844577645/domains/joxmako.com/public_html/admin/vendor/laravel/framework/src/Illuminate/Pipeline/Pipeline.php(183): Illuminate\\Cookie\\Middleware\\EncryptCookies->handle()
#33 /home/u844577645/domains/joxmako.com/public_html/admin/vendor/laravel/framework/src/Illuminate/Pipeline/Pipeline.php(119): Illuminate\\Pipeline\\Pipeline->Illuminate\\Pipeline\\{closure}()
#34 /home/u844577645/domains/joxmako.com/public_html/admin/vendor/laravel/framework/src/Illuminate/Routing/Router.php(805): Illuminate\\Pipeline\\Pipeline->then()
#35 /home/u844577645/domains/joxmako.com/public_html/admin/vendor/laravel/framework/src/Illuminate/Routing/Router.php(784): Illuminate\\Routing\\Router->runRouteWithinStack()
#36 /home/u844577645/domains/joxmako.com/public_html/admin/vendor/laravel/framework/src/Illuminate/Routing/Router.php(748): Illuminate\\Routing\\Router->runRoute()
#37 /home/u844577645/domains/joxmako.com/public_html/admin/vendor/laravel/framework/src/Illuminate/Routing/Router.php(737): Illuminate\\Routing\\Router->dispatchToRoute()
#38 /home/u844577645/domains/joxmako.com/public_html/admin/vendor/laravel/framework/src/Illuminate/Foundation/Http/Kernel.php(200): Illuminate\\Routing\\Router->dispatch()
#39 /home/u844577645/domains/joxmako.com/public_html/admin/vendor/laravel/framework/src/Illuminate/Pipeline/Pipeline.php(144): Illuminate\\Foundation\\Http\\Kernel->Illuminate\\Foundation\\Http\\{closure}()
#40 /home/u844577645/domains/joxmako.com/public_html/admin/vendor/laravel/framework/src/Illuminate/Foundation/Http/Middleware/TransformsRequest.php(21): Illuminate\\Pipeline\\Pipeline->Illuminate\\Pipeline\\{closure}()
#41 /home/u844577645/domains/joxmako.com/public_html/admin/vendor/laravel/framework/src/Illuminate/Foundation/Http/Middleware/ConvertEmptyStringsToNull.php(31): Illuminate\\Foundation\\Http\\Middleware\\TransformsRequest->handle()
#42 /home/u844577645/domains/joxmako.com/public_html/admin/vendor/laravel/framework/src/Illuminate/Pipeline/Pipeline.php(183): Illuminate\\Foundation\\Http\\Middleware\\ConvertEmptyStringsToNull->handle()
#43 /home/u844577645/domains/joxmako.com/public_html/admin/vendor/laravel/framework/src/Illuminate/Foundation/Http/Middleware/TransformsRequest.php(21): Illuminate\\Pipeline\\Pipeline->Illuminate\\Pipeline\\{closure}()
#44 /home/u844577645/domains/joxmako.com/public_html/admin/vendor/laravel/framework/src/Illuminate/Foundation/Http/Middleware/TrimStrings.php(40): Illuminate\\Foundation\\Http\\Middleware\\TransformsRequest->handle()
#45 /home/u844577645/domains/joxmako.com/public_html/admin/vendor/laravel/framework/src/Illuminate/Pipeline/Pipeline.php(183): Illuminate\\Foundation\\Http\\Middleware\\TrimStrings->handle()
#46 /home/u844577645/domains/joxmako.com/public_html/admin/vendor/laravel/framework/src/Illuminate/Foundation/Http/Middleware/ValidatePostSize.php(27): Illuminate\\Pipeline\\Pipeline->Illuminate\\Pipeline\\{closure}()
#47 /home/u844577645/domains/joxmako.com/public_html/admin/vendor/laravel/framework/src/Illuminate/Pipeline/Pipeline.php(183): Illuminate\\Foundation\\Http\\Middleware\\ValidatePostSize->handle()
#48 /home/u844577645/domains/joxmako.com/public_html/admin/vendor/laravel/framework/src/Illuminate/Foundation/Http/Middleware/PreventRequestsDuringMaintenance.php(99): Illuminate\\Pipeline\\Pipeline->Illuminate\\Pipeline\\{closure}()
#49 /home/u844577645/domains/joxmako.com/public_html/admin/vendor/laravel/framework/src/Illuminate/Pipeline/Pipeline.php(183): Illuminate\\Foundation\\Http\\Middleware\\PreventRequestsDuringMaintenance->handle()
#50 /home/u844577645/domains/joxmako.com/public_html/admin/vendor/laravel/framework/src/Illuminate/Http/Middleware/HandleCors.php(49): Illuminate\\Pipeline\\Pipeline->Illuminate\\Pipeline\\{closure}()
#51 /home/u844577645/domains/joxmako.com/public_html/admin/vendor/laravel/framework/src/Illuminate/Pipeline/Pipeline.php(183): Illuminate\\Http\\Middleware\\HandleCors->handle()
#52 /home/u844577645/domains/joxmako.com/public_html/admin/vendor/laravel/framework/src/Illuminate/Http/Middleware/TrustProxies.php(39): Illuminate\\Pipeline\\Pipeline->Illuminate\\Pipeline\\{closure}()
#53 /home/u844577645/domains/joxmako.com/public_html/admin/vendor/laravel/framework/src/Illuminate/Pipeline/Pipeline.php(183): Illuminate\\Http\\Middleware\\TrustProxies->handle()
#54 /home/u844577645/domains/joxmako.com/public_html/admin/vendor/laravel/framework/src/Illuminate/Pipeline/Pipeline.php(119): Illuminate\\Pipeline\\Pipeline->Illuminate\\Pipeline\\{closure}()
#55 /home/u844577645/domains/joxmako.com/public_html/admin/vendor/laravel/framework/src/Illuminate/Foundation/Http/Kernel.php(175): Illuminate\\Pipeline\\Pipeline->then()
#56 /home/u844577645/domains/joxmako.com/public_html/admin/vendor/laravel/framework/src/Illuminate/Foundation/Http/Kernel.php(144): Illuminate\\Foundation\\Http\\Kernel->sendRequestThroughRouter()
#57 /home/u844577645/domains/joxmako.com/public_html/admin/public/index.php(51): Illuminate\\Foundation\\Http\\Kernel->handle()
#58 {main}
"} 
[2026-05-16 22:52:31] production.ERROR: Route [ai.analyze-image-auto-fill] not defined. {"view":{"view":"/home/u844577645/domains/joxmako.com/public_html/admin/resources/views/layouts/ai_sidebar.blade.php","data":[]},"userId":1,"exception":"[object] (Spatie\\LaravelIgnition\\Exceptions\\ViewException(code: 0): Route [ai.analyze-image-auto-fill] not defined. at /home/u844577645/domains/joxmako.com/public_html/admin/vendor/laravel/framework/src/Illuminate/Routing/UrlGenerator.php:477)
[stacktrace]
#0 /home/u844577645/domains/joxmako.com/public_html/admin/vendor/laravel/framework/src/Illuminate/Foundation/helpers.php(811): Illuminate\\Routing\\UrlGenerator->route()
#1 /home/u844577645/domains/joxmako.com/public_html/admin/resources/views/layouts/ai_sidebar.blade.php(94): route()
#2 /home/u844577645/domains/joxmako.com/public_html/admin/vendor/laravel/framework/src/Illuminate/Filesystem/Filesystem.php(123): require('/home/u84457764...')
#3 /home/u844577645/domains/joxmako.com/public_html/admin/vendor/laravel/framework/src/Illuminate/Filesystem/Filesystem.php(124): Illuminate\\Filesystem\\Filesystem::Illuminate\\Filesystem\\{closure}()
#4 /home/u844577645/domains/joxmako.com/public_html/admin/vendor/laravel/framework/src/Illuminate/View/Engines/PhpEngine.php(58): Illuminate\\Filesystem\\Filesystem->getRequire()
#5 /home/u844577645/domains/joxmako.com/public_html/admin/vendor/laravel/framework/src/Illuminate/View/Engines/CompilerEngine.php(72): Illuminate\\View\\Engines\\PhpEngine->evaluatePath()
#6 /home/u844577645/domains/joxmako.com/public_html/admin/vendor/laravel/framework/src/Illuminate/View/View.php(207): Illuminate\\View\\Engines\\CompilerEngine->get()
#7 /home/u844577645/domains/joxmako.com/public_html/admin/vendor/laravel/framework/src/Illuminate/View/View.php(190): Illuminate\\View\\View->getContents()
#8 /home/u844577645/domains/joxmako.com/public_html/admin/vendor/laravel/framework/src/Illuminate/View/View.php(159): Illuminate\\View\\View->renderContents()
#9 /home/u844577645/domains/joxmako.com/public_html/admin/resources/views/items/create.blade.php(400): Illuminate\\View\\View->render()
#10 /home/u844577645/domains/joxmako.com/public_html/admin/vendor/laravel/framework/src/Illuminate/Filesystem/Filesystem.php(123): require('/home/u84457764...')
#11 /home/u844577645/domains/joxmako.com/public_html/admin/vendor/laravel/framework/src/Illuminate/Filesystem/Filesystem.php(124): Illuminate\\Filesystem\\Filesystem::Illuminate\\Filesystem\\{closure}()
#12 /home/u844577645/domains/joxmako.com/public_html/admin/vendor/laravel/framework/src/Illuminate/View/Engines/PhpEngine.php(58): Illuminate\\Filesystem\\Filesystem->getRequire()
#13 /home/u844577645/domains/joxmako.com/public_html/admin/vendor/laravel/framework/src/Illuminate/View/Engines/CompilerEngine.php(72): Illuminate\\View\\Engines\\PhpEngine->evaluatePath()
#14 /home/u844577645/domains/joxmako.com/public_html/admin/vendor/laravel/framework/src/Illuminate/View/View.php(207): Illuminate\\View\\Engines\\CompilerEngine->get()
#15 /home/u844577645/domains/joxmako.com/public_html/admin/vendor/laravel/framework/src/Illuminate/View/View.php(190): Illuminate\\View\\View->getContents()
#16 /home/u844577645/domains/joxmako.com/public_html/admin/vendor/laravel/framework/src/Illuminate/View/View.php(159): Illuminate\\View\\View->renderContents()
#17 /home/u844577645/domains/joxmako.com/public_html/admin/vendor/laravel/framework/src/Illuminate/Http/Response.php(69): Illuminate\\View\\View->render()
#18 /home/u844577645/domains/joxmako.com/public_html/admin/vendor/laravel/framework/src/Illuminate/Http/Response.php(35): Illuminate\\Http\\Response->setContent()
#19 /home/u844577645/domains/joxmako.com/public_html/admin/vendor/laravel/framework/src/Illuminate/Routing/Router.php(918): Illuminate\\Http\\Response->__construct()
#20 /home/u844577645/domains/joxmako.com/public_html/admin/vendor/laravel/framework/src/Illuminate/Routing/Router.php(885): Illuminate\\Routing\\Router::toResponse()
#21 /home/u844577645/domains/joxmako.com/public_html/admin/vendor/laravel/framework/src/Illuminate/Routing/Router.php(805): Illuminate\\Routing\\Router->prepareResponse()
#22 /home/u844577645/domains/joxmako.com/public_html/admin/vendor/laravel/framework/src/Illuminate/Pipeline/Pipeline.php(144): Illuminate\\Routing\\Router->Illuminate\\Routing\\{closure}()
#23 /home/u844577645/domains/joxmako.com/public_html/admin/app/Http/Middleware/PermissionMiddleware.php(40): Illuminate\\Pipeline\\Pipeline->Illuminate\\Pipeline\\{closure}()
#24 /home/u844577645/domains/joxmako.com/public_html/admin/vendor/laravel/framework/src/Illuminate/Pipeline/Pipeline.php(183): App\\Http\\Middleware\\PermissionMiddleware->handle()
#25 /home/u844577645/domains/joxmako.com/public_html/admin/app/Http/Middleware/CheckUserRoleMiddleware.php(34): Illuminate\\Pipeline\\Pipeline->Illuminate\\Pipeline\\{closure}()
#26 /home/u844577645/domains/joxmako.com/public_html/admin/vendor/laravel/framework/src/Illuminate/Pipeline/Pipeline.php(183): App\\Http\\Middleware\\CheckUserRoleMiddleware->handle()
#27 /home/u844577645/domains/joxmako.com/public_html/admin/app/Http/Middleware/LanguageManager.php(23): Illuminate\\Pipeline\\Pipeline->Illuminate\\Pipeline\\{closure}()
#28 /home/u844577645/domains/joxmako.com/public_html/admin/vendor/laravel/framework/src/Illuminate/Pipeline/Pipeline.php(183): App\\Http\\Middleware\\LanguageManager->handle()
#29 /home/u844577645/domains/joxmako.com/public_html/admin/vendor/laravel/framework/src/Illuminate/Routing/Middleware/SubstituteBindings.php(50): Illuminate\\Pipeline\\Pipeline->Illuminate\\Pipeline\\{closure}()
#30 /home/u844577645/domains/joxmako.com/public_html/admin/vendor/laravel/framework/src/Illuminate/Pipeline/Pipeline.php(183): Illuminate\\Routing\\Middleware\\SubstituteBindings->handle()
#31 /home/u844577645/domains/joxmako.com/public_html/admin/vendor/laravel/framework/src/Illuminate/Auth/Middleware/Authenticate.php(57): Illuminate\\Pipeline\\Pipeline->Illuminate\\Pipeline\\{closure}()
#32 /home/u844577645/domains/joxmako.com/public_html/admin/vendor/laravel/framework/src/Illuminate/Pipeline/Pipeline.php(183): Illuminate\\Auth\\Middleware\\Authenticate->handle()
#33 /home/u844577645/domains/joxmako.com/public_html/admin/vendor/laravel/framework/src/Illuminate/Foundation/Http/Middleware/VerifyCsrfToken.php(78): Illuminate\\Pipeline\\Pipeline->Illuminate\\Pipeline\\{closure}()
#34 /home/u844577645/domains/joxmako.com/public_html/admin/vendor/laravel/framework/src/Illuminate/Pipeline/Pipeline.php(183): Illuminate\\Foundation\\Http\\Middleware\\VerifyCsrfToken->handle()
#35 /home/u844577645/domains/joxmako.com/public_html/admin/vendor/laravel/framework/src/Illuminate/View/Middleware/ShareErrorsFromSession.php(49): Illuminate\\Pipeline\\Pipeline->Illuminate\\Pipeline\\{closure}()
#36 /home/u844577645/domains/joxmako.com/public_html/admin/vendor/laravel/framework/src/Illuminate/Pipeline/Pipeline.php(183): Illuminate\\View\\Middleware\\ShareErrorsFromSession->handle()
#37 /home/u844577645/domains/joxmako.com/public_html/admin/vendor/laravel/framework/src/Illuminate/Session/Middleware/StartSession.php(121): Illuminate\\Pipeline\\Pipeline->Illuminate\\Pipeline\\{closure}()
#38 /home/u844577645/domains/joxmako.com/public_html/admin/vendor/laravel/framework/src/Illuminate/Session/Middleware/StartSession.php(64): Illuminate\\Session\\Middleware\\StartSession->handleStatefulRequest()
#39 /home/u844577645/domains/joxmako.com/public_html/admin/vendor/laravel/framework/src/Illuminate/Pipeline/Pipeline.php(183): Illuminate\\Session\\Middleware\\StartSession->handle()
#40 /home/u844577645/domains/joxmako.com/public_html/admin/vendor/laravel/framework/src/Illuminate/Cookie/Middleware/AddQueuedCookiesToResponse.php(37): Illuminate\\Pipeline\\Pipeline->Illuminate\\Pipeline\\{closure}()
#41 /home/u844577645/domains/joxmako.com/public_html/admin/vendor/laravel/framework/src/Illuminate/Pipeline/Pipeline.php(183): Illuminate\\Cookie\\Middleware\\AddQueuedCookiesToResponse->handle()
#42 /home/u844577645/domains/joxmako.com/public_html/admin/vendor/laravel/framework/src/Illuminate/Cookie/Middleware/EncryptCookies.php(67): Illuminate\\Pipeline\\Pipeline->Illuminate\\Pipeline\\{closure}()
#43 /home/u844577645/domains/joxmako.com/public_html/admin/vendor/laravel/framework/src/Illuminate/Pipeline/Pipeline.php(183): Illuminate\\Cookie\\Middleware\\EncryptCookies->handle()
#44 /home/u844577645/domains/joxmako.com/public_html/admin/vendor/laravel/framework/src/Illuminate/Pipeline/Pipeline.php(119): Illuminate\\Pipeline\\Pipeline->Illuminate\\Pipeline\\{closure}()
#45 /home/u844577645/domains/joxmako.com/public_html/admin/vendor/laravel/framework/src/Illuminate/Routing/Router.php(805): Illuminate\\Pipeline\\Pipeline->then()
#46 /home/u844577645/domains/joxmako.com/public_html/admin/vendor/laravel/framework/src/Illuminate/Routing/Router.php(784): Illuminate\\Routing\\Router->runRouteWithinStack()
#47 /home/u844577645/domains/joxmako.com/public_html/admin/vendor/laravel/framework/src/Illuminate/Routing/Router.php(748): Illuminate\\Routing\\Router->runRoute()
#48 /home/u844577645/domains/joxmako.com/public_html/admin/vendor/laravel/framework/src/Illuminate/Routing/Router.php(737): Illuminate\\Routing\\Router->dispatchToRoute()
#49 /home/u844577645/domains/joxmako.com/public_html/admin/vendor/laravel/framework/src/Illuminate/Foundation/Http/Kernel.php(200): Illuminate\\Routing\\Router->dispatch()
#50 /home/u844577645/domains/joxmako.com/public_html/admin/vendor/laravel/framework/src/Illuminate/Pipeline/Pipeline.php(144): Illuminate\\Foundation\\Http\\Kernel->Illuminate\\Foundation\\Http\\{closure}()
#51 /home/u844577645/domains/joxmako.com/public_html/admin/vendor/laravel/framework/src/Illuminate/Foundation/Http/Middleware/TransformsRequest.php(21): Illuminate\\Pipeline\\Pipeline->Illuminate\\Pipeline\\{closure}()
#52 /home/u844577645/domains/joxmako.com/public_html/admin/vendor/laravel/framework/src/Illuminate/Foundation/Http/Middleware/ConvertEmptyStringsToNull.php(31): Illuminate\\Foundation\\Http\\Middleware\\TransformsRequest->handle()
#53 /home/u844577645/domains/joxmako.com/public_html/admin/vendor/laravel/framework/src/Illuminate/Pipeline/Pipeline.php(183): Illuminate\\Foundation\\Http\\Middleware\\ConvertEmptyStringsToNull->handle()
#54 /home/u844577645/domains/joxmako.com/public_html/admin/vendor/laravel/framework/src/Illuminate/Foundation/Http/Middleware/TransformsRequest.php(21): Illuminate\\Pipeline\\Pipeline->Illuminate\\Pipeline\\{closure}()
#55 /home/u844577645/domains/joxmako.com/public_html/admin/vendor/laravel/framework/src/Illuminate/Foundation/Http/Middleware/TrimStrings.php(40): Illuminate\\Foundation\\Http\\Middleware\\TransformsRequest->handle()
#56 /home/u844577645/domains/joxmako.com/public_html/admin/vendor/laravel/framework/src/Illuminate/Pipeline/Pipeline.php(183): Illuminate\\Foundation\\Http\\Middleware\\TrimStrings->handle()
#57 /home/u844577645/domains/joxmako.com/public_html/admin/vendor/laravel/framework/src/Illuminate/Foundation/Http/Middleware/ValidatePostSize.php(27): Illuminate\\Pipeline\\Pipeline->Illuminate\\Pipeline\\{closure}()
#58 /home/u844577645/domains/joxmako.com/public_html/admin/vendor/laravel/framework/src/Illuminate/Pipeline/Pipeline.php(183): Illuminate\\Foundation\\Http\\Middleware\\ValidatePostSize->handle()
#59 /home/u844577645/domains/joxmako.com/public_html/admin/vendor/laravel/framework/src/Illuminate/Foundation/Http/Middleware/PreventRequestsDuringMaintenance.php(99): Illuminate\\Pipeline\\Pipeline->Illuminate\\Pipeline\\{closure}()
#60 /home/u844577645/domains/joxmako.com/public_html/admin/vendor/laravel/framework/src/Illuminate/Pipeline/Pipeline.php(183): Illuminate\\Foundation\\Http\\Middleware\\PreventRequestsDuringMaintenance->handle()
#61 /home/u844577645/domains/joxmako.com/public_html/admin/vendor/laravel/framework/src/Illuminate/Http/Middleware/HandleCors.php(49): Illuminate\\Pipeline\\Pipeline->Illuminate\\Pipeline\\{closure}()
#62 /home/u844577645/domains/joxmako.com/public_html/admin/vendor/laravel/framework/src/Illuminate/Pipeline/Pipeline.php(183): Illuminate\\Http\\Middleware\\HandleCors->handle()
#63 /home/u844577645/domains/joxmako.com/public_html/admin/vendor/laravel/framework/src/Illuminate/Http/Middleware/TrustProxies.php(39): Illuminate\\Pipeline\\Pipeline->Illuminate\\Pipeline\\{closure}()
#64 /home/u844577645/domains/joxmako.com/public_html/admin/vendor/laravel/framework/src/Illuminate/Pipeline/Pipeline.php(183): Illuminate\\Http\\Middleware\\TrustProxies->handle()
#65 /home/u844577645/domains/joxmako.com/public_html/admin/vendor/laravel/framework/src/Illuminate/Pipeline/Pipeline.php(119): Illuminate\\Pipeline\\Pipeline->Illuminate\\Pipeline\\{closure}()
#66 /home/u844577645/domains/joxmako.com/public_html/admin/vendor/laravel/framework/src/Illuminate/Foundation/Http/Kernel.php(175): Illuminate\\Pipeline\\Pipeline->then()
#67 /home/u844577645/domains/joxmako.com/public_html/admin/vendor/laravel/framework/src/Illuminate/Foundation/Http/Kernel.php(144): Illuminate\\Foundation\\Http\\Kernel->sendRequestThroughRouter()
#68 /home/u844577645/domains/joxmako.com/public_html/admin/public/index.php(51): Illuminate\\Foundation\\Http\\Kernel->handle()
#69 {main}

[previous exception] [object] (Symfony\\Component\\Routing\\Exception\\RouteNotFoundException(code: 0): Route [ai.analyze-image-auto-fill] not defined. at /home/u844577645/domains/joxmako.com/public_html/admin/vendor/laravel/framework/src/Illuminate/Routing/UrlGenerator.php:477)
[stacktrace]
#0 /home/u844577645/domains/joxmako.com/public_html/admin/vendor/laravel/framework/src/Illuminate/Foundation/helpers.php(811): Illuminate\\Routing\\UrlGenerator->route()
#1 /home/u844577645/domains/joxmako.com/public_html/admin/storage/framework/views/b62a6a39a536812d413aadf9f780538c.php(97): route()
#2 /home/u844577645/domains/joxmako.com/public_html/admin/vendor/laravel/framework/src/Illuminate/Filesystem/Filesystem.php(123): require('/home/u84457764...')
#3 /home/u844577645/domains/joxmako.com/public_html/admin/vendor/laravel/framework/src/Illuminate/Filesystem/Filesystem.php(124): Illuminate\\Filesystem\\Filesystem::Illuminate\\Filesystem\\{closure}()
#4 /home/u844577645/domains/joxmako.com/public_html/admin/vendor/laravel/framework/src/Illuminate/View/Engines/PhpEngine.php(58): Illuminate\\Filesystem\\Filesystem->getRequire()
#5 /home/u844577645/domains/joxmako.com/public_html/admin/vendor/laravel/framework/src/Illuminate/View/Engines/CompilerEngine.php(72): Illuminate\\View\\Engines\\PhpEngine->evaluatePath()
#6 /home/u844577645/domains/joxmako.com/public_html/admin/vendor/laravel/framework/src/Illuminate/View/View.php(207): Illuminate\\View\\Engines\\CompilerEngine->get()
#7 /home/u844577645/domains/joxmako.com/public_html/admin/vendor/laravel/framework/src/Illuminate/View/View.php(190): Illuminate\\View\\View->getContents()
#8 /home/u844577645/domains/joxmako.com/public_html/admin/vendor/laravel/framework/src/Illuminate/View/View.php(159): Illuminate\\View\\View->renderContents()
#9 /home/u844577645/domains/joxmako.com/public_html/admin/storage/framework/views/0a2bd9d083b3024b0c33542497b84e3b.php(411): Illuminate\\View\\View->render()
#10 /home/u844577645/domains/joxmako.com/public_html/admin/vendor/laravel/framework/src/Illuminate/Filesystem/Filesystem.php(123): require('/home/u84457764...')
#11 /home/u844577645/domains/joxmako.com/public_html/admin/vendor/laravel/framework/src/Illuminate/Filesystem/Filesystem.php(124): Illuminate\\Filesystem\\Filesystem::Illuminate\\Filesystem\\{closure}()
#12 /home/u844577645/domains/joxmako.com/public_html/admin/vendor/laravel/framework/src/Illuminate/View/Engines/PhpEngine.php(58): Illuminate\\Filesystem\\Filesystem->getRequire()
#13 /home/u844577645/domains/joxmako.com/public_html/admin/vendor/laravel/framework/src/Illuminate/View/Engines/CompilerEngine.php(72): Illuminate\\View\\Engines\\PhpEngine->evaluatePath()
#14 /home/u844577645/domains/joxmako.com/public_html/admin/vendor/laravel/framework/src/Illuminate/View/View.php(207): Illuminate\\View\\Engines\\CompilerEngine->get()
#15 /home/u844577645/domains/joxmako.com/public_html/admin/vendor/laravel/framework/src/Illuminate/View/View.php(190): Illuminate\\View\\View->getContents()
#16 /home/u844577645/domains/joxmako.com/public_html/admin/vendor/laravel/framework/src/Illuminate/View/View.php(159): Illuminate\\View\\View->renderContents()
#17 /home/u844577645/domains/joxmako.com/public_html/admin/vendor/laravel/framework/src/Illuminate/Http/Response.php(69): Illuminate\\View\\View->render()
#18 /home/u844577645/domains/joxmako.com/public_html/admin/vendor/laravel/framework/src/Illuminate/Http/Response.php(35): Illuminate\\Http\\Response->setContent()
#19 /home/u844577645/domains/joxmako.com/public_html/admin/vendor/laravel/framework/src/Illuminate/Routing/Router.php(918): Illuminate\\Http\\Response->__construct()
#20 /home/u844577645/domains/joxmako.com/public_html/admin/vendor/laravel/framework/src/Illuminate/Routing/Router.php(885): Illuminate\\Routing\\Router::toResponse()
#21 /home/u844577645/domains/joxmako.com/public_html/admin/vendor/laravel/framework/src/Illuminate/Routing/Router.php(805): Illuminate\\Routing\\Router->prepareResponse()
#22 /home/u844577645/domains/joxmako.com/public_html/admin/vendor/laravel/framework/src/Illuminate/Pipeline/Pipeline.php(144): Illuminate\\Routing\\Router->Illuminate\\Routing\\{closure}()
#23 /home/u844577645/domains/joxmako.com/public_html/admin/app/Http/Middleware/PermissionMiddleware.php(40): Illuminate\\Pipeline\\Pipeline->Illuminate\\Pipeline\\{closure}()
#24 /home/u844577645/domains/joxmako.com/public_html/admin/vendor/laravel/framework/src/Illuminate/Pipeline/Pipeline.php(183): App\\Http\\Middleware\\PermissionMiddleware->handle()
#25 /home/u844577645/domains/joxmako.com/public_html/admin/app/Http/Middleware/CheckUserRoleMiddleware.php(34): Illuminate\\Pipeline\\Pipeline->Illuminate\\Pipeline\\{closure}()
#26 /home/u844577645/domains/joxmako.com/public_html/admin/vendor/laravel/framework/src/Illuminate/Pipeline/Pipeline.php(183): App\\Http\\Middleware\\CheckUserRoleMiddleware->handle()
#27 /home/u844577645/domains/joxmako.com/public_html/admin/app/Http/Middleware/LanguageManager.php(23): Illuminate\\Pipeline\\Pipeline->Illuminate\\Pipeline\\{closure}()
#28 /home/u844577645/domains/joxmako.com/public_html/admin/vendor/laravel/framework/src/Illuminate/Pipeline/Pipeline.php(183): App\\Http\\Middleware\\LanguageManager->handle()
#29 /home/u844577645/domains/joxmako.com/public_html/admin/vendor/laravel/framework/src/Illuminate/Routing/Middleware/SubstituteBindings.php(50): Illuminate\\Pipeline\\Pipeline->Illuminate\\Pipeline\\{closure}()
#30 /home/u844577645/domains/joxmako.com/public_html/admin/vendor/laravel/framework/src/Illuminate/Pipeline/Pipeline.php(183): Illuminate\\Routing\\Middleware\\SubstituteBindings->handle()
#31 /home/u844577645/domains/joxmako.com/public_html/admin/vendor/laravel/framework/src/Illuminate/Auth/Middleware/Authenticate.php(57): Illuminate\\Pipeline\\Pipeline->Illuminate\\Pipeline\\{closure}()
#32 /home/u844577645/domains/joxmako.com/public_html/admin/vendor/laravel/framework/src/Illuminate/Pipeline/Pipeline.php(183): Illuminate\\Auth\\Middleware\\Authenticate->handle()
#33 /home/u844577645/domains/joxmako.com/public_html/admin/vendor/laravel/framework/src/Illuminate/Foundation/Http/Middleware/VerifyCsrfToken.php(78): Illuminate\\Pipeline\\Pipeline->Illuminate\\Pipeline\\{closure}()
#34 /home/u844577645/domains/joxmako.com/public_html/admin/vendor/laravel/framework/src/Illuminate/Pipeline/Pipeline.php(183): Illuminate\\Foundation\\Http\\Middleware\\VerifyCsrfToken->handle()
#35 /home/u844577645/domains/joxmako.com/public_html/admin/vendor/laravel/framework/src/Illuminate/View/Middleware/ShareErrorsFromSession.php(49): Illuminate\\Pipeline\\Pipeline->Illuminate\\Pipeline\\{closure}()
#36 /home/u844577645/domains/joxmako.com/public_html/admin/vendor/laravel/framework/src/Illuminate/Pipeline/Pipeline.php(183): Illuminate\\View\\Middleware\\ShareErrorsFromSession->handle()
#37 /home/u844577645/domains/joxmako.com/public_html/admin/vendor/laravel/framework/src/Illuminate/Session/Middleware/StartSession.php(121): Illuminate\\Pipeline\\Pipeline->Illuminate\\Pipeline\\{closure}()
#38 /home/u844577645/domains/joxmako.com/public_html/admin/vendor/laravel/framework/src/Illuminate/Session/Middleware/StartSession.php(64): Illuminate\\Session\\Middleware\\StartSession->handleStatefulRequest()
#39 /home/u844577645/domains/joxmako.com/public_html/admin/vendor/laravel/framework/src/Illuminate/Pipeline/Pipeline.php(183): Illuminate\\Session\\Middleware\\StartSession->handle()
#40 /home/u844577645/domains/joxmako.com/public_html/admin/vendor/laravel/framework/src/Illuminate/Cookie/Middleware/AddQueuedCookiesToResponse.php(37): Illuminate\\Pipeline\\Pipeline->Illuminate\\Pipeline\\{closure}()
#41 /home/u844577645/domains/joxmako.com/public_html/admin/vendor/laravel/framework/src/Illuminate/Pipeline/Pipeline.php(183): Illuminate\\Cookie\\Middleware\\AddQueuedCookiesToResponse->handle()
#42 /home/u844577645/domains/joxmako.com/public_html/admin/vendor/laravel/framework/src/Illuminate/Cookie/Middleware/EncryptCookies.php(67): Illuminate\\Pipeline\\Pipeline->Illuminate\\Pipeline\\{closure}()
#43 /home/u844577645/domains/joxmako.com/public_html/admin/vendor/laravel/framework/src/Illuminate/Pipeline/Pipeline.php(183): Illuminate\\Cookie\\Middleware\\EncryptCookies->handle()
#44 /home/u844577645/domains/joxmako.com/public_html/admin/vendor/laravel/framework/src/Illuminate/Pipeline/Pipeline.php(119): Illuminate\\Pipeline\\Pipeline->Illuminate\\Pipeline\\{closure}()
#45 /home/u844577645/domains/joxmako.com/public_html/admin/vendor/laravel/framework/src/Illuminate/Routing/Router.php(805): Illuminate\\Pipeline\\Pipeline->then()
#46 /home/u844577645/domains/joxmako.com/public_html/admin/vendor/laravel/framework/src/Illuminate/Routing/Router.php(784): Illuminate\\Routing\\Router->runRouteWithinStack()
#47 /home/u844577645/domains/joxmako.com/public_html/admin/vendor/laravel/framework/src/Illuminate/Routing/Router.php(748): Illuminate\\Routing\\Router->runRoute()
#48 /home/u844577645/domains/joxmako.com/public_html/admin/vendor/laravel/framework/src/Illuminate/Routing/Router.php(737): Illuminate\\Routing\\Router->dispatchToRoute()
#49 /home/u844577645/domains/joxmako.com/public_html/admin/vendor/laravel/framework/src/Illuminate/Foundation/Http/Kernel.php(200): Illuminate\\Routing\\Router->dispatch()
#50 /home/u844577645/domains/joxmako.com/public_html/admin/vendor/laravel/framework/src/Illuminate/Pipeline/Pipeline.php(144): Illuminate\\Foundation\\Http\\Kernel->Illuminate\\Foundation\\Http\\{closure}()
#51 /home/u844577645/domains/joxmako.com/public_html/admin/vendor/laravel/framework/src/Illuminate/Foundation/Http/Middleware/TransformsRequest.php(21): Illuminate\\Pipeline\\Pipeline->Illuminate\\Pipeline\\{closure}()
#52 /home/u844577645/domains/joxmako.com/public_html/admin/vendor/laravel/framework/src/Illuminate/Foundation/Http/Middleware/ConvertEmptyStringsToNull.php(31): Illuminate\\Foundation\\Http\\Middleware\\TransformsRequest->handle()
#53 /home/u844577645/domains/joxmako.com/public_html/admin/vendor/laravel/framework/src/Illuminate/Pipeline/Pipeline.php(183): Illuminate\\Foundation\\Http\\Middleware\\ConvertEmptyStringsToNull->handle()
#54 /home/u844577645/domains/joxmako.com/public_html/admin/vendor/laravel/framework/src/Illuminate/Foundation/Http/Middleware/TransformsRequest.php(21): Illuminate\\Pipeline\\Pipeline->Illuminate\\Pipeline\\{closure}()
#55 /home/u844577645/domains/joxmako.com/public_html/admin/vendor/laravel/framework/src/Illuminate/Foundation/Http/Middleware/TrimStrings.php(40): Illuminate\\Foundation\\Http\\Middleware\\TransformsRequest->handle()
#56 /home/u844577645/domains/joxmako.com/public_html/admin/vendor/laravel/framework/src/Illuminate/Pipeline/Pipeline.php(183): Illuminate\\Foundation\\Http\\Middleware\\TrimStrings->handle()
#57 /home/u844577645/domains/joxmako.com/public_html/admin/vendor/laravel/framework/src/Illuminate/Foundation/Http/Middleware/ValidatePostSize.php(27): Illuminate\\Pipeline\\Pipeline->Illuminate\\Pipeline\\{closure}()
#58 /home/u844577645/domains/joxmako.com/public_html/admin/vendor/laravel/framework/src/Illuminate/Pipeline/Pipeline.php(183): Illuminate\\Foundation\\Http\\Middleware\\ValidatePostSize->handle()
#59 /home/u844577645/domains/joxmako.com/public_html/admin/vendor/laravel/framework/src/Illuminate/Foundation/Http/Middleware/PreventRequestsDuringMaintenance.php(99): Illuminate\\Pipeline\\Pipeline->Illuminate\\Pipeline\\{closure}()
#60 /home/u844577645/domains/joxmako.com/public_html/admin/vendor/laravel/framework/src/Illuminate/Pipeline/Pipeline.php(183): Illuminate\\Foundation\\Http\\Middleware\\PreventRequestsDuringMaintenance->handle()
#61 /home/u844577645/domains/joxmako.com/public_html/admin/vendor/laravel/framework/src/Illuminate/Http/Middleware/HandleCors.php(49): Illuminate\\Pipeline\\Pipeline->Illuminate\\Pipeline\\{closure}()
#62 /home/u844577645/domains/joxmako.com/public_html/admin/vendor/laravel/framework/src/Illuminate/Pipeline/Pipeline.php(183): Illuminate\\Http\\Middleware\\HandleCors->handle()
#63 /home/u844577645/domains/joxmako.com/public_html/admin/vendor/laravel/framework/src/Illuminate/Http/Middleware/TrustProxies.php(39): Illuminate\\Pipeline\\Pipeline->Illuminate\\Pipeline\\{closure}()
#64 /home/u844577645/domains/joxmako.com/public_html/admin/vendor/laravel/framework/src/Illuminate/Pipeline/Pipeline.php(183): Illuminate\\Http\\Middleware\\TrustProxies->handle()
#65 /home/u844577645/domains/joxmako.com/public_html/admin/vendor/laravel/framework/src/Illuminate/Pipeline/Pipeline.php(119): Illuminate\\Pipeline\\Pipeline->Illuminate\\Pipeline\\{closure}()
#66 /home/u844577645/domains/joxmako.com/public_html/admin/vendor/laravel/framework/src/Illuminate/Foundation/Http/Kernel.php(175): Illuminate\\Pipeline\\Pipeline->then()
#67 /home/u844577645/domains/joxmako.com/public_html/admin/vendor/laravel/framework/src/Illuminate/Foundation/Http/Kernel.php(144): Illuminate\\Foundation\\Http\\Kernel->sendRequestThroughRouter()
#68 /home/u844577645/domains/joxmako.com/public_html/admin/public/index.php(51): Illuminate\\Foundation\\Http\\Kernel->handle()
#69 {main}
"} 
[2026-05-16 22:52:35] production.ERROR: Route [ai.analyze-image-auto-fill] not defined. {"view":{"view":"/home/u844577645/domains/joxmako.com/public_html/admin/resources/views/layouts/ai_sidebar.blade.php","data":[]},"userId":1,"exception":"[object] (Spatie\\LaravelIgnition\\Exceptions\\ViewException(code: 0): Route [ai.analyze-image-auto-fill] not defined. at /home/u844577645/domains/joxmako.com/public_html/admin/vendor/laravel/framework/src/Illuminate/Routing/UrlGenerator.php:477)
[stacktrace]
#0 /home/u844577645/domains/joxmako.com/public_html/admin/vendor/laravel/framework/src/Illuminate/Foundation/helpers.php(811): Illuminate\\Routing\\UrlGenerator->route()
#1 /home/u844577645/domains/joxmako.com/public_html/admin/resources/views/layouts/ai_sidebar.blade.php(94): route()
#2 /home/u844577645/domains/joxmako.com/public_html/admin/vendor/laravel/framework/src/Illuminate/Filesystem/Filesystem.php(123): require('/home/u84457764...')
#3 /home/u844577645/domains/joxmako.com/public_html/admin/vendor/laravel/framework/src/Illuminate/Filesystem/Filesystem.php(124): Illuminate\\Filesystem\\Filesystem::Illuminate\\Filesystem\\{closure}()
#4 /home/u844577645/domains/joxmako.com/public_html/admin/vendor/laravel/framework/src/Illuminate/View/Engines/PhpEngine.php(58): Illuminate\\Filesystem\\Filesystem->getRequire()
#5 /home/u844577645/domains/joxmako.com/public_html/admin/vendor/laravel/framework/src/Illuminate/View/Engines/CompilerEngine.php(72): Illuminate\\View\\Engines\\PhpEngine->evaluatePath()
#6 /home/u844577645/domains/joxmako.com/public_html/admin/vendor/laravel/framework/src/Illuminate/View/View.php(207): Illuminate\\View\\Engines\\CompilerEngine->get()
#7 /home/u844577645/domains/joxmako.com/public_html/admin/vendor/laravel/framework/src/Illuminate/View/View.php(190): Illuminate\\View\\View->getContents()
#8 /home/u844577645/domains/joxmako.com/public_html/admin/vendor/laravel/framework/src/Illuminate/View/View.php(159): Illuminate\\View\\View->renderContents()
#9 /home/u844577645/domains/joxmako.com/public_html/admin/resources/views/items/create.blade.php(400): Illuminate\\View\\View->render()
#10 /home/u844577645/domains/joxmako.com/public_html/admin/vendor/laravel/framework/src/Illuminate/Filesystem/Filesystem.php(123): require('/home/u84457764...')
#11 /home/u844577645/domains/joxmako.com/public_html/admin/vendor/laravel/framework/src/Illuminate/Filesystem/Filesystem.php(124): Illuminate\\Filesystem\\Filesystem::Illuminate\\Filesystem\\{closure}()
#12 /home/u844577645/domains/joxmako.com/public_html/admin/vendor/laravel/framework/src/Illuminate/View/Engines/PhpEngine.php(58): Illuminate\\Filesystem\\Filesystem->getRequire()
#13 /home/u844577645/domains/joxmako.com/public_html/admin/vendor/laravel/framework/src/Illuminate/View/Engines/CompilerEngine.php(72): Illuminate\\View\\Engines\\PhpEngine->evaluatePath()
#14 /home/u844577645/domains/joxmako.com/public_html/admin/vendor/laravel/framework/src/Illuminate/View/View.php(207): Illuminate\\View\\Engines\\CompilerEngine->get()
#15 /home/u844577645/domains/joxmako.com/public_html/admin/vendor/laravel/framework/src/Illuminate/View/View.php(190): Illuminate\\View\\View->getContents()
#16 /home/u844577645/domains/joxmako.com/public_html/admin/vendor/laravel/framework/src/Illuminate/View/View.php(159): Illuminate\\View\\View->renderContents()
#17 /home/u844577645/domains/joxmako.com/public_html/admin/vendor/laravel/framework/src/Illuminate/Http/Response.php(69): Illuminate\\View\\View->render()
#18 /home/u844577645/domains/joxmako.com/public_html/admin/vendor/laravel/framework/src/Illuminate/Http/Response.php(35): Illuminate\\Http\\Response->setContent()
#19 /home/u844577645/domains/joxmako.com/public_html/admin/vendor/laravel/framework/src/Illuminate/Routing/Router.php(918): Illuminate\\Http\\Response->__construct()
#20 /home/u844577645/domains/joxmako.com/public_html/admin/vendor/laravel/framework/src/Illuminate/Routing/Router.php(885): Illuminate\\Routing\\Router::toResponse()
#21 /home/u844577645/domains/joxmako.com/public_html/admin/vendor/laravel/framework/src/Illuminate/Routing/Router.php(805): Illuminate\\Routing\\Router->prepareResponse()
#22 /home/u844577645/domains/joxmako.com/public_html/admin/vendor/laravel/framework/src/Illuminate/Pipeline/Pipeline.php(144): Illuminate\\Routing\\Router->Illuminate\\Routing\\{closure}()
#23 /home/u844577645/domains/joxmako.com/public_html/admin/app/Http/Middleware/PermissionMiddleware.php(40): Illuminate\\Pipeline\\Pipeline->Illuminate\\Pipeline\\{closure}()
#24 /home/u844577645/domains/joxmako.com/public_html/admin/vendor/laravel/framework/src/Illuminate/Pipeline/Pipeline.php(183): App\\Http\\Middleware\\PermissionMiddleware->handle()
#25 /home/u844577645/domains/joxmako.com/public_html/admin/app/Http/Middleware/CheckUserRoleMiddleware.php(34): Illuminate\\Pipeline\\Pipeline->Illuminate\\Pipeline\\{closure}()
#26 /home/u844577645/domains/joxmako.com/public_html/admin/vendor/laravel/framework/src/Illuminate/Pipeline/Pipeline.php(183): App\\Http\\Middleware\\CheckUserRoleMiddleware->handle()
#27 /home/u844577645/domains/joxmako.com/public_html/admin/app/Http/Middleware/LanguageManager.php(23): Illuminate\\Pipeline\\Pipeline->Illuminate\\Pipeline\\{closure}()
#28 /home/u844577645/domains/joxmako.com/public_html/admin/vendor/laravel/framework/src/Illuminate/Pipeline/Pipeline.php(183): App\\Http\\Middleware\\LanguageManager->handle()
#29 /home/u844577645/domains/joxmako.com/public_html/admin/vendor/laravel/framework/src/Illuminate/Routing/Middleware/SubstituteBindings.php(50): Illuminate\\Pipeline\\Pipeline->Illuminate\\Pipeline\\{closure}()
#30 /home/u844577645/domains/joxmako.com/public_html/admin/vendor/laravel/framework/src/Illuminate/Pipeline/Pipeline.php(183): Illuminate\\Routing\\Middleware\\SubstituteBindings->handle()
#31 /home/u844577645/domains/joxmako.com/public_html/admin/vendor/laravel/framework/src/Illuminate/Auth/Middleware/Authenticate.php(57): Illuminate\\Pipeline\\Pipeline->Illuminate\\Pipeline\\{closure}()
#32 /home/u844577645/domains/joxmako.com/public_html/admin/vendor/laravel/framework/src/Illuminate/Pipeline/Pipeline.php(183): Illuminate\\Auth\\Middleware\\Authenticate->handle()
#33 /home/u844577645/domains/joxmako.com/public_html/admin/vendor/laravel/framework/src/Illuminate/Foundation/Http/Middleware/VerifyCsrfToken.php(78): Illuminate\\Pipeline\\Pipeline->Illuminate\\Pipeline\\{closure}()
#34 /home/u844577645/domains/joxmako.com/public_html/admin/vendor/laravel/framework/src/Illuminate/Pipeline/Pipeline.php(183): Illuminate\\Foundation\\Http\\Middleware\\VerifyCsrfToken->handle()
#35 /home/u844577645/domains/joxmako.com/public_html/admin/vendor/laravel/framework/src/Illuminate/View/Middleware/ShareErrorsFromSession.php(49): Illuminate\\Pipeline\\Pipeline->Illuminate\\Pipeline\\{closure}()
#36 /home/u844577645/domains/joxmako.com/public_html/admin/vendor/laravel/framework/src/Illuminate/Pipeline/Pipeline.php(183): Illuminate\\View\\Middleware\\ShareErrorsFromSession->handle()
#37 /home/u844577645/domains/joxmako.com/public_html/admin/vendor/laravel/framework/src/Illuminate/Session/Middleware/StartSession.php(121): Illuminate\\Pipeline\\Pipeline->Illuminate\\Pipeline\\{closure}()
#38 /home/u844577645/domains/joxmako.com/public_html/admin/vendor/laravel/framework/src/Illuminate/Session/Middleware/StartSession.php(64): Illuminate\\Session\\Middleware\\StartSession->handleStatefulRequest()
#39 /home/u844577645/domains/joxmako.com/public_html/admin/vendor/laravel/framework/src/Illuminate/Pipeline/Pipeline.php(183): Illuminate\\Session\\Middleware\\StartSession->handle()
#40 /home/u844577645/domains/joxmako.com/public_html/admin/vendor/laravel/framework/src/Illuminate/Cookie/Middleware/AddQueuedCookiesToResponse.php(37): Illuminate\\Pipeline\\Pipeline->Illuminate\\Pipeline\\{closure}()
#41 /home/u844577645/domains/joxmako.com/public_html/admin/vendor/laravel/framework/src/Illuminate/Pipeline/Pipeline.php(183): Illuminate\\Cookie\\Middleware\\AddQueuedCookiesToResponse->handle()
#42 /home/u844577645/domains/joxmako.com/public_html/admin/vendor/laravel/framework/src/Illuminate/Cookie/Middleware/EncryptCookies.php(67): Illuminate\\Pipeline\\Pipeline->Illuminate\\Pipeline\\{closure}()
#43 /home/u844577645/domains/joxmako.com/public_html/admin/vendor/laravel/framework/src/Illuminate/Pipeline/Pipeline.php(183): Illuminate\\Cookie\\Middleware\\EncryptCookies->handle()
#44 /home/u844577645/domains/joxmako.com/public_html/admin/vendor/laravel/framework/src/Illuminate/Pipeline/Pipeline.php(119): Illuminate\\Pipeline\\Pipeline->Illuminate\\Pipeline\\{closure}()
#45 /home/u844577645/domains/joxmako.com/public_html/admin/vendor/laravel/framework/src/Illuminate/Routing/Router.php(805): Illuminate\\Pipeline\\Pipeline->then()
#46 /home/u844577645/domains/joxmako.com/public_html/admin/vendor/laravel/framework/src/Illuminate/Routing/Router.php(784): Illuminate\\Routing\\Router->runRouteWithinStack()
#47 /home/u844577645/domains/joxmako.com/public_html/admin/vendor/laravel/framework/src/Illuminate/Routing/Router.php(748): Illuminate\\Routing\\Router->runRoute()
#48 /home/u844577645/domains/joxmako.com/public_html/admin/vendor/laravel/framework/src/Illuminate/Routing/Router.php(737): Illuminate\\Routing\\Router->dispatchToRoute()
#49 /home/u844577645/domains/joxmako.com/public_html/admin/vendor/laravel/framework/src/Illuminate/Foundation/Http/Kernel.php(200): Illuminate\\Routing\\Router->dispatch()
#50 /home/u844577645/domains/joxmako.com/public_html/admin/vendor/laravel/framework/src/Illuminate/Pipeline/Pipeline.php(144): Illuminate\\Foundation\\Http\\Kernel->Illuminate\\Foundation\\Http\\{closure}()
#51 /home/u844577645/domains/joxmako.com/public_html/admin/vendor/laravel/framework/src/Illuminate/Foundation/Http/Middleware/TransformsRequest.php(21): Illuminate\\Pipeline\\Pipeline->Illuminate\\Pipeline\\{closure}()
#52 /home/u844577645/domains/joxmako.com/public_html/admin/vendor/laravel/framework/src/Illuminate/Foundation/Http/Middleware/ConvertEmptyStringsToNull.php(31): Illuminate\\Foundation\\Http\\Middleware\\TransformsRequest->handle()
#53 /home/u844577645/domains/joxmako.com/public_html/admin/vendor/laravel/framework/src/Illuminate/Pipeline/Pipeline.php(183): Illuminate\\Foundation\\Http\\Middleware\\ConvertEmptyStringsToNull->handle()
#54 /home/u844577645/domains/joxmako.com/public_html/admin/vendor/laravel/framework/src/Illuminate/Foundation/Http/Middleware/TransformsRequest.php(21): Illuminate\\Pipeline\\Pipeline->Illuminate\\Pipeline\\{closure}()
#55 /home/u844577645/domains/joxmako.com/public_html/admin/vendor/laravel/framework/src/Illuminate/Foundation/Http/Middleware/TrimStrings.php(40): Illuminate\\Foundation\\Http\\Middleware\\TransformsRequest->handle()
#56 /home/u844577645/domains/joxmako.com/public_html/admin/vendor/laravel/framework/src/Illuminate/Pipeline/Pipeline.php(183): Illuminate\\Foundation\\Http\\Middleware\\TrimStrings->handle()
#57 /home/u844577645/domains/joxmako.com/public_html/admin/vendor/laravel/framework/src/Illuminate/Foundation/Http/Middleware/ValidatePostSize.php(27): Illuminate\\Pipeline\\Pipeline->Illuminate\\Pipeline\\{closure}()
#58 /home/u844577645/domains/joxmako.com/public_html/admin/vendor/laravel/framework/src/Illuminate/Pipeline/Pipeline.php(183): Illuminate\\Foundation\\Http\\Middleware\\ValidatePostSize->handle()
#59 /home/u844577645/domains/joxmako.com/public_html/admin/vendor/laravel/framework/src/Illuminate/Foundation/Http/Middleware/PreventRequestsDuringMaintenance.php(99): Illuminate\\Pipeline\\Pipeline->Illuminate\\Pipeline\\{closure}()
#60 /home/u844577645/domains/joxmako.com/public_html/admin/vendor/laravel/framework/src/Illuminate/Pipeline/Pipeline.php(183): Illuminate\\Foundation\\Http\\Middleware\\PreventRequestsDuringMaintenance->handle()
#61 /home/u844577645/domains/joxmako.com/public_html/admin/vendor/laravel/framework/src/Illuminate/Http/Middleware/HandleCors.php(49): Illuminate\\Pipeline\\Pipeline->Illuminate\\Pipeline\\{closure}()
#62 /home/u844577645/domains/joxmako.com/public_html/admin/vendor/laravel/framework/src/Illuminate/Pipeline/Pipeline.php(183): Illuminate\\Http\\Middleware\\HandleCors->handle()
#63 /home/u844577645/domains/joxmako.com/public_html/admin/vendor/laravel/framework/src/Illuminate/Http/Middleware/TrustProxies.php(39): Illuminate\\Pipeline\\Pipeline->Illuminate\\Pipeline\\{closure}()
#64 /home/u844577645/domains/joxmako.com/public_html/admin/vendor/laravel/framework/src/Illuminate/Pipeline/Pipeline.php(183): Illuminate\\Http\\Middleware\\TrustProxies->handle()
#65 /home/u844577645/domains/joxmako.com/public_html/admin/vendor/laravel/framework/src/Illuminate/Pipeline/Pipeline.php(119): Illuminate\\Pipeline\\Pipeline->Illuminate\\Pipeline\\{closure}()
#66 /home/u844577645/domains/joxmako.com/public_html/admin/vendor/laravel/framework/src/Illuminate/Foundation/Http/Kernel.php(175): Illuminate\\Pipeline\\Pipeline->then()
#67 /home/u844577645/domains/joxmako.com/public_html/admin/vendor/laravel/framework/src/Illuminate/Foundation/Http/Kernel.php(144): Illuminate\\Foundation\\Http\\Kernel->sendRequestThroughRouter()
#68 /home/u844577645/domains/joxmako.com/public_html/admin/public/index.php(51): Illuminate\\Foundation\\Http\\Kernel->handle()
#69 {main}

[previous exception] [object] (Symfony\\Component\\Routing\\Exception\\RouteNotFoundException(code: 0): Route [ai.analyze-image-auto-fill] not defined. at /home/u844577645/domains/joxmako.com/public_html/admin/vendor/laravel/framework/src/Illuminate/Routing/UrlGenerator.php:477)
[stacktrace]
#0 /home/u844577645/domains/joxmako.com/public_html/admin/vendor/laravel/framework/src/Illuminate/Foundation/helpers.php(811): Illuminate\\Routing\\UrlGenerator->route()
#1 /home/u844577645/domains/joxmako.com/public_html/admin/storage/framework/views/b62a6a39a536812d413aadf9f780538c.php(97): route()
#2 /home/u844577645/domains/joxmako.com/public_html/admin/vendor/laravel/framework/src/Illuminate/Filesystem/Filesystem.php(123): require('/home/u84457764...')
#3 /home/u844577645/domains/joxmako.com/public_html/admin/vendor/laravel/framework/src/Illuminate/Filesystem/Filesystem.php(124): Illuminate\\Filesystem\\Filesystem::Illuminate\\Filesystem\\{closure}()
#4 /home/u844577645/domains/joxmako.com/public_html/admin/vendor/laravel/framework/src/Illuminate/View/Engines/PhpEngine.php(58): Illuminate\\Filesystem\\Filesystem->getRequire()
#5 /home/u844577645/domains/joxmako.com/public_html/admin/vendor/laravel/framework/src/Illuminate/View/Engines/CompilerEngine.php(72): Illuminate\\View\\Engines\\PhpEngine->evaluatePath()
#6 /home/u844577645/domains/joxmako.com/public_html/admin/vendor/laravel/framework/src/Illuminate/View/View.php(207): Illuminate\\View\\Engines\\CompilerEngine->get()
#7 /home/u844577645/domains/joxmako.com/public_html/admin/vendor/laravel/framework/src/Illuminate/View/View.php(190): Illuminate\\View\\View->getContents()
#8 /home/u844577645/domains/joxmako.com/public_html/admin/vendor/laravel/framework/src/Illuminate/View/View.php(159): Illuminate\\View\\View->renderContents()
#9 /home/u844577645/domains/joxmako.com/public_html/admin/storage/framework/views/0a2bd9d083b3024b0c33542497b84e3b.php(411): Illuminate\\View\\View->render()
#10 /home/u844577645/domains/joxmako.com/public_html/admin/vendor/laravel/framework/src/Illuminate/Filesystem/Filesystem.php(123): require('/home/u84457764...')
#11 /home/u844577645/domains/joxmako.com/public_html/admin/vendor/laravel/framework/src/Illuminate/Filesystem/Filesystem.php(124): Illuminate\\Filesystem\\Filesystem::Illuminate\\Filesystem\\{closure}()
#12 /home/u844577645/domains/joxmako.com/public_html/admin/vendor/laravel/framework/src/Illuminate/View/Engines/PhpEngine.php(58): Illuminate\\Filesystem\\Filesystem->getRequire()
#13 /home/u844577645/domains/joxmako.com/public_html/admin/vendor/laravel/framework/src/Illuminate/View/Engines/CompilerEngine.php(72): Illuminate\\View\\Engines\\PhpEngine->evaluatePath()
#14 /home/u844577645/domains/joxmako.com/public_html/admin/vendor/laravel/framework/src/Illuminate/View/View.php(207): Illuminate\\View\\Engines\\CompilerEngine->get()
#15 /home/u844577645/domains/joxmako.com/public_html/admin/vendor/laravel/framework/src/Illuminate/View/View.php(190): Illuminate\\View\\View->getContents()
#16 /home/u844577645/domains/joxmako.com/public_html/admin/vendor/laravel/framework/src/Illuminate/View/View.php(159): Illuminate\\View\\View->renderContents()
#17 /home/u844577645/domains/joxmako.com/public_html/admin/vendor/laravel/framework/src/Illuminate/Http/Response.php(69): Illuminate\\View\\View->render()
#18 /home/u844577645/domains/joxmako.com/public_html/admin/vendor/laravel/framework/src/Illuminate/Http/Response.php(35): Illuminate\\Http\\Response->setContent()
#19 /home/u844577645/domains/joxmako.com/public_html/admin/vendor/laravel/framework/src/Illuminate/Routing/Router.php(918): Illuminate\\Http\\Response->__construct()
#20 /home/u844577645/domains/joxmako.com/public_html/admin/vendor/laravel/framework/src/Illuminate/Routing/Router.php(885): Illuminate\\Routing\\Router::toResponse()
#21 /home/u844577645/domains/joxmako.com/public_html/admin/vendor/laravel/framework/src/Illuminate/Routing/Router.php(805): Illuminate\\Routing\\Router->prepareResponse()
#22 /home/u844577645/domains/joxmako.com/public_html/admin/vendor/laravel/framework/src/Illuminate/Pipeline/Pipeline.php(144): Illuminate\\Routing\\Router->Illuminate\\Routing\\{closure}()
#23 /home/u844577645/domains/joxmako.com/public_html/admin/app/Http/Middleware/PermissionMiddleware.php(40): Illuminate\\Pipeline\\Pipeline->Illuminate\\Pipeline\\{closure}()
#24 /home/u844577645/domains/joxmako.com/public_html/admin/vendor/laravel/framework/src/Illuminate/Pipeline/Pipeline.php(183): App\\Http\\Middleware\\PermissionMiddleware->handle()
#25 /home/u844577645/domains/joxmako.com/public_html/admin/app/Http/Middleware/CheckUserRoleMiddleware.php(34): Illuminate\\Pipeline\\Pipeline->Illuminate\\Pipeline\\{closure}()
#26 /home/u844577645/domains/joxmako.com/public_html/admin/vendor/laravel/framework/src/Illuminate/Pipeline/Pipeline.php(183): App\\Http\\Middleware\\CheckUserRoleMiddleware->handle()
#27 /home/u844577645/domains/joxmako.com/public_html/admin/app/Http/Middleware/LanguageManager.php(23): Illuminate\\Pipeline\\Pipeline->Illuminate\\Pipeline\\{closure}()
#28 /home/u844577645/domains/joxmako.com/public_html/admin/vendor/laravel/framework/src/Illuminate/Pipeline/Pipeline.php(183): App\\Http\\Middleware\\LanguageManager->handle()
#29 /home/u844577645/domains/joxmako.com/public_html/admin/vendor/laravel/framework/src/Illuminate/Routing/Middleware/SubstituteBindings.php(50): Illuminate\\Pipeline\\Pipeline->Illuminate\\Pipeline\\{closure}()
#30 /home/u844577645/domains/joxmako.com/public_html/admin/vendor/laravel/framework/src/Illuminate/Pipeline/Pipeline.php(183): Illuminate\\Routing\\Middleware\\SubstituteBindings->handle()
#31 /home/u844577645/domains/joxmako.com/public_html/admin/vendor/laravel/framework/src/Illuminate/Auth/Middleware/Authenticate.php(57): Illuminate\\Pipeline\\Pipeline->Illuminate\\Pipeline\\{closure}()
#32 /home/u844577645/domains/joxmako.com/public_html/admin/vendor/laravel/framework/src/Illuminate/Pipeline/Pipeline.php(183): Illuminate\\Auth\\Middleware\\Authenticate->handle()
#33 /home/u844577645/domains/joxmako.com/public_html/admin/vendor/laravel/framework/src/Illuminate/Foundation/Http/Middleware/VerifyCsrfToken.php(78): Illuminate\\Pipeline\\Pipeline->Illuminate\\Pipeline\\{closure}()
#34 /home/u844577645/domains/joxmako.com/public_html/admin/vendor/laravel/framework/src/Illuminate/Pipeline/Pipeline.php(183): Illuminate\\Foundation\\Http\\Middleware\\VerifyCsrfToken->handle()
#35 /home/u844577645/domains/joxmako.com/public_html/admin/vendor/laravel/framework/src/Illuminate/View/Middleware/ShareErrorsFromSession.php(49): Illuminate\\Pipeline\\Pipeline->Illuminate\\Pipeline\\{closure}()
#36 /home/u844577645/domains/joxmako.com/public_html/admin/vendor/laravel/framework/src/Illuminate/Pipeline/Pipeline.php(183): Illuminate\\View\\Middleware\\ShareErrorsFromSession->handle()
#37 /home/u844577645/domains/joxmako.com/public_html/admin/vendor/laravel/framework/src/Illuminate/Session/Middleware/StartSession.php(121): Illuminate\\Pipeline\\Pipeline->Illuminate\\Pipeline\\{closure}()
#38 /home/u844577645/domains/joxmako.com/public_html/admin/vendor/laravel/framework/src/Illuminate/Session/Middleware/StartSession.php(64): Illuminate\\Session\\Middleware\\StartSession->handleStatefulRequest()
#39 /home/u844577645/domains/joxmako.com/public_html/admin/vendor/laravel/framework/src/Illuminate/Pipeline/Pipeline.php(183): Illuminate\\Session\\Middleware\\StartSession->handle()
#40 /home/u844577645/domains/joxmako.com/public_html/admin/vendor/laravel/framework/src/Illuminate/Cookie/Middleware/AddQueuedCookiesToResponse.php(37): Illuminate\\Pipeline\\Pipeline->Illuminate\\Pipeline\\{closure}()
#41 /home/u844577645/domains/joxmako.com/public_html/admin/vendor/laravel/framework/src/Illuminate/Pipeline/Pipeline.php(183): Illuminate\\Cookie\\Middleware\\AddQueuedCookiesToResponse->handle()
#42 /home/u844577645/domains/joxmako.com/public_html/admin/vendor/laravel/framework/src/Illuminate/Cookie/Middleware/EncryptCookies.php(67): Illuminate\\Pipeline\\Pipeline->Illuminate\\Pipeline\\{closure}()
#43 /home/u844577645/domains/joxmako.com/public_html/admin/vendor/laravel/framework/src/Illuminate/Pipeline/Pipeline.php(183): Illuminate\\Cookie\\Middleware\\EncryptCookies->handle()
#44 /home/u844577645/domains/joxmako.com/public_html/admin/vendor/laravel/framework/src/Illuminate/Pipeline/Pipeline.php(119): Illuminate\\Pipeline\\Pipeline->Illuminate\\Pipeline\\{closure}()
#45 /home/u844577645/domains/joxmako.com/public_html/admin/vendor/laravel/framework/src/Illuminate/Routing/Router.php(805): Illuminate\\Pipeline\\Pipeline->then()
#46 /home/u844577645/domains/joxmako.com/public_html/admin/vendor/laravel/framework/src/Illuminate/Routing/Router.php(784): Illuminate\\Routing\\Router->runRouteWithinStack()
#47 /home/u844577645/domains/joxmako.com/public_html/admin/vendor/laravel/framework/src/Illuminate/Routing/Router.php(748): Illuminate\\Routing\\Router->runRoute()
#48 /home/u844577645/domains/joxmako.com/public_html/admin/vendor/laravel/framework/src/Illuminate/Routing/Router.php(737): Illuminate\\Routing\\Router->dispatchToRoute()
#49 /home/u844577645/domains/joxmako.com/public_html/admin/vendor/laravel/framework/src/Illuminate/Foundation/Http/Kernel.php(200): Illuminate\\Routing\\Router->dispatch()
#50 /home/u844577645/domains/joxmako.com/public_html/admin/vendor/laravel/framework/src/Illuminate/Pipeline/Pipeline.php(144): Illuminate\\Foundation\\Http\\Kernel->Illuminate\\Foundation\\Http\\{closure}()
#51 /home/u844577645/domains/joxmako.com/public_html/admin/vendor/laravel/framework/src/Illuminate/Foundation/Http/Middleware/TransformsRequest.php(21): Illuminate\\Pipeline\\Pipeline->Illuminate\\Pipeline\\{closure}()
#52 /home/u844577645/domains/joxmako.com/public_html/admin/vendor/laravel/framework/src/Illuminate/Foundation/Http/Middleware/ConvertEmptyStringsToNull.php(31): Illuminate\\Foundation\\Http\\Middleware\\TransformsRequest->handle()
#53 /home/u844577645/domains/joxmako.com/public_html/admin/vendor/laravel/framework/src/Illuminate/Pipeline/Pipeline.php(183): Illuminate\\Foundation\\Http\\Middleware\\ConvertEmptyStringsToNull->handle()
#54 /home/u844577645/domains/joxmako.com/public_html/admin/vendor/laravel/framework/src/Illuminate/Foundation/Http/Middleware/TransformsRequest.php(21): Illuminate\\Pipeline\\Pipeline->Illuminate\\Pipeline\\{closure}()
#55 /home/u844577645/domains/joxmako.com/public_html/admin/vendor/laravel/framework/src/Illuminate/Foundation/Http/Middleware/TrimStrings.php(40): Illuminate\\Foundation\\Http\\Middleware\\TransformsRequest->handle()
#56 /home/u844577645/domains/joxmako.com/public_html/admin/vendor/laravel/framework/src/Illuminate/Pipeline/Pipeline.php(183): Illuminate\\Foundation\\Http\\Middleware\\TrimStrings->handle()
#57 /home/u844577645/domains/joxmako.com/public_html/admin/vendor/laravel/framework/src/Illuminate/Foundation/Http/Middleware/ValidatePostSize.php(27): Illuminate\\Pipeline\\Pipeline->Illuminate\\Pipeline\\{closure}()
#58 /home/u844577645/domains/joxmako.com/public_html/admin/vendor/laravel/framework/src/Illuminate/Pipeline/Pipeline.php(183): Illuminate\\Foundation\\Http\\Middleware\\ValidatePostSize->handle()
#59 /home/u844577645/domains/joxmako.com/public_html/admin/vendor/laravel/framework/src/Illuminate/Foundation/Http/Middleware/PreventRequestsDuringMaintenance.php(99): Illuminate\\Pipeline\\Pipeline->Illuminate\\Pipeline\\{closure}()
#60 /home/u844577645/domains/joxmako.com/public_html/admin/vendor/laravel/framework/src/Illuminate/Pipeline/Pipeline.php(183): Illuminate\\Foundation\\Http\\Middleware\\PreventRequestsDuringMaintenance->handle()
#61 /home/u844577645/domains/joxmako.com/public_html/admin/vendor/laravel/framework/src/Illuminate/Http/Middleware/HandleCors.php(49): Illuminate\\Pipeline\\Pipeline->Illuminate\\Pipeline\\{closure}()
#62 /home/u844577645/domains/joxmako.com/public_html/admin/vendor/laravel/framework/src/Illuminate/Pipeline/Pipeline.php(183): Illuminate\\Http\\Middleware\\HandleCors->handle()
#63 /home/u844577645/domains/joxmako.com/public_html/admin/vendor/laravel/framework/src/Illuminate/Http/Middleware/TrustProxies.php(39): Illuminate\\Pipeline\\Pipeline->Illuminate\\Pipeline\\{closure}()
#64 /home/u844577645/domains/joxmako.com/public_html/admin/vendor/laravel/framework/src/Illuminate/Pipeline/Pipeline.php(183): Illuminate\\Http\\Middleware\\TrustProxies->handle()
#65 /home/u844577645/domains/joxmako.com/public_html/admin/vendor/laravel/framework/src/Illuminate/Pipeline/Pipeline.php(119): Illuminate\\Pipeline\\Pipeline->Illuminate\\Pipeline\\{closure}()
#66 /home/u844577645/domains/joxmako.com/public_html/admin/vendor/laravel/framework/src/Illuminate/Foundation/Http/Kernel.php(175): Illuminate\\Pipeline\\Pipeline->then()
#67 /home/u844577645/domains/joxmako.com/public_html/admin/vendor/laravel/framework/src/Illuminate/Foundation/Http/Kernel.php(144): Illuminate\\Foundation\\Http\\Kernel->sendRequestThroughRouter()
#68 /home/u844577645/domains/joxmako.com/public_html/admin/public/index.php(51): Illuminate\\Foundation\\Http\\Kernel->handle()
#69 {main}
"} 
[2026-05-16 22:52:41] production.ERROR: Route [ai.analyze-image-auto-fill] not defined. {"view":{"view":"/home/u844577645/domains/joxmako.com/public_html/admin/resources/views/layouts/ai_sidebar.blade.php","data":[]},"userId":1,"exception":"[object] (Spatie\\LaravelIgnition\\Exceptions\\ViewException(code: 0): Route [ai.analyze-image-auto-fill] not defined. at /home/u844577645/domains/joxmako.com/public_html/admin/vendor/laravel/framework/src/Illuminate/Routing/UrlGenerator.php:477)
[stacktrace]
#0 /home/u844577645/domains/joxmako.com/public_html/admin/vendor/laravel/framework/src/Illuminate/Foundation/helpers.php(811): Illuminate\\Routing\\UrlGenerator->route()
#1 /home/u844577645/domains/joxmako.com/public_html/admin/resources/views/layouts/ai_sidebar.blade.php(94): route()
#2 /home/u844577645/domains/joxmako.com/public_html/admin/vendor/laravel/framework/src/Illuminate/Filesystem/Filesystem.php(123): require('/home/u84457764...')
#3 /home/u844577645/domains/joxmako.com/public_html/admin/vendor/laravel/framework/src/Illuminate/Filesystem/Filesystem.php(124): Illuminate\\Filesystem\\Filesystem::Illuminate\\Filesystem\\{closure}()
#4 /home/u844577645/domains/joxmako.com/public_html/admin/vendor/laravel/framework/src/Illuminate/View/Engines/PhpEngine.php(58): Illuminate\\Filesystem\\Filesystem->getRequire()
#5 /home/u844577645/domains/joxmako.com/public_html/admin/vendor/laravel/framework/src/Illuminate/View/Engines/CompilerEngine.php(72): Illuminate\\View\\Engines\\PhpEngine->evaluatePath()
#6 /home/u844577645/domains/joxmako.com/public_html/admin/vendor/laravel/framework/src/Illuminate/View/View.php(207): Illuminate\\View\\Engines\\CompilerEngine->get()
#7 /home/u844577645/domains/joxmako.com/public_html/admin/vendor/laravel/framework/src/Illuminate/View/View.php(190): Illuminate\\View\\View->getContents()
#8 /home/u844577645/domains/joxmako.com/public_html/admin/vendor/laravel/framework/src/Illuminate/View/View.php(159): Illuminate\\View\\View->renderContents()
#9 /home/u844577645/domains/joxmako.com/public_html/admin/resources/views/items/create.blade.php(400): Illuminate\\View\\View->render()
#10 /home/u844577645/domains/joxmako.com/public_html/admin/vendor/laravel/framework/src/Illuminate/Filesystem/Filesystem.php(123): require('/home/u84457764...')
#11 /home/u844577645/domains/joxmako.com/public_html/admin/vendor/laravel/framework/src/Illuminate/Filesystem/Filesystem.php(124): Illuminate\\Filesystem\\Filesystem::Illuminate\\Filesystem\\{closure}()
#12 /home/u844577645/domains/joxmako.com/public_html/admin/vendor/laravel/framework/src/Illuminate/View/Engines/PhpEngine.php(58): Illuminate\\Filesystem\\Filesystem->getRequire()
#13 /home/u844577645/domains/joxmako.com/public_html/admin/vendor/laravel/framework/src/Illuminate/View/Engines/CompilerEngine.php(72): Illuminate\\View\\Engines\\PhpEngine->evaluatePath()
#14 /home/u844577645/domains/joxmako.com/public_html/admin/vendor/laravel/framework/src/Illuminate/View/View.php(207): Illuminate\\View\\Engines\\CompilerEngine->get()
#15 /home/u844577645/domains/joxmako.com/public_html/admin/vendor/laravel/framework/src/Illuminate/View/View.php(190): Illuminate\\View\\View->getContents()
#16 /home/u844577645/domains/joxmako.com/public_html/admin/vendor/laravel/framework/src/Illuminate/View/View.php(159): Illuminate\\View\\View->renderContents()
#17 /home/u844577645/domains/joxmako.com/public_html/admin/vendor/laravel/framework/src/Illuminate/Http/Response.php(69): Illuminate\\View\\View->render()
#18 /home/u844577645/domains/joxmako.com/public_html/admin/vendor/laravel/framework/src/Illuminate/Http/Response.php(35): Illuminate\\Http\\Response->setContent()
#19 /home/u844577645/domains/joxmako.com/public_html/admin/vendor/laravel/framework/src/Illuminate/Routing/Router.php(918): Illuminate\\Http\\Response->__construct()
#20 /home/u844577645/domains/joxmako.com/public_html/admin/vendor/laravel/framework/src/Illuminate/Routing/Router.php(885): Illuminate\\Routing\\Router::toResponse()
#21 /home/u844577645/domains/joxmako.com/public_html/admin/vendor/laravel/framework/src/Illuminate/Routing/Router.php(805): Illuminate\\Routing\\Router->prepareResponse()
#22 /home/u844577645/domains/joxmako.com/public_html/admin/vendor/laravel/framework/src/Illuminate/Pipeline/Pipeline.php(144): Illuminate\\Routing\\Router->Illuminate\\Routing\\{closure}()
#23 /home/u844577645/domains/joxmako.com/public_html/admin/app/Http/Middleware/PermissionMiddleware.php(40): Illuminate\\Pipeline\\Pipeline->Illuminate\\Pipeline\\{closure}()
#24 /home/u844577645/domains/joxmako.com/public_html/admin/vendor/laravel/framework/src/Illuminate/Pipeline/Pipeline.php(183): App\\Http\\Middleware\\PermissionMiddleware->handle()
#25 /home/u844577645/domains/joxmako.com/public_html/admin/app/Http/Middleware/CheckUserRoleMiddleware.php(34): Illuminate\\Pipeline\\Pipeline->Illuminate\\Pipeline\\{closure}()
#26 /home/u844577645/domains/joxmako.com/public_html/admin/vendor/laravel/framework/src/Illuminate/Pipeline/Pipeline.php(183): App\\Http\\Middleware\\CheckUserRoleMiddleware->handle()
#27 /home/u844577645/domains/joxmako.com/public_html/admin/app/Http/Middleware/LanguageManager.php(23): Illuminate\\Pipeline\\Pipeline->Illuminate\\Pipeline\\{closure}()
#28 /home/u844577645/domains/joxmako.com/public_html/admin/vendor/laravel/framework/src/Illuminate/Pipeline/Pipeline.php(183): App\\Http\\Middleware\\LanguageManager->handle()
#29 /home/u844577645/domains/joxmako.com/public_html/admin/vendor/laravel/framework/src/Illuminate/Routing/Middleware/SubstituteBindings.php(50): Illuminate\\Pipeline\\Pipeline->Illuminate\\Pipeline\\{closure}()
#30 /home/u844577645/domains/joxmako.com/public_html/admin/vendor/laravel/framework/src/Illuminate/Pipeline/Pipeline.php(183): Illuminate\\Routing\\Middleware\\SubstituteBindings->handle()
#31 /home/u844577645/domains/joxmako.com/public_html/admin/vendor/laravel/framework/src/Illuminate/Auth/Middleware/Authenticate.php(57): Illuminate\\Pipeline\\Pipeline->Illuminate\\Pipeline\\{closure}()
#32 /home/u844577645/domains/joxmako.com/public_html/admin/vendor/laravel/framework/src/Illuminate/Pipeline/Pipeline.php(183): Illuminate\\Auth\\Middleware\\Authenticate->handle()
#33 /home/u844577645/domains/joxmako.com/public_html/admin/vendor/laravel/framework/src/Illuminate/Foundation/Http/Middleware/VerifyCsrfToken.php(78): Illuminate\\Pipeline\\Pipeline->Illuminate\\Pipeline\\{closure}()
#34 /home/u844577645/domains/joxmako.com/public_html/admin/vendor/laravel/framework/src/Illuminate/Pipeline/Pipeline.php(183): Illuminate\\Foundation\\Http\\Middleware\\VerifyCsrfToken->handle()
#35 /home/u844577645/domains/joxmako.com/public_html/admin/vendor/laravel/framework/src/Illuminate/View/Middleware/ShareErrorsFromSession.php(49): Illuminate\\Pipeline\\Pipeline->Illuminate\\Pipeline\\{closure}()
#36 /home/u844577645/domains/joxmako.com/public_html/admin/vendor/laravel/framework/src/Illuminate/Pipeline/Pipeline.php(183): Illuminate\\View\\Middleware\\ShareErrorsFromSession->handle()
#37 /home/u844577645/domains/joxmako.com/public_html/admin/vendor/laravel/framework/src/Illuminate/Session/Middleware/StartSession.php(121): Illuminate\\Pipeline\\Pipeline->Illuminate\\Pipeline\\{closure}()
#38 /home/u844577645/domains/joxmako.com/public_html/admin/vendor/laravel/framework/src/Illuminate/Session/Middleware/StartSession.php(64): Illuminate\\Session\\Middleware\\StartSession->handleStatefulRequest()
#39 /home/u844577645/domains/joxmako.com/public_html/admin/vendor/laravel/framework/src/Illuminate/Pipeline/Pipeline.php(183): Illuminate\\Session\\Middleware\\StartSession->handle()
#40 /home/u844577645/domains/joxmako.com/public_html/admin/vendor/laravel/framework/src/Illuminate/Cookie/Middleware/AddQueuedCookiesToResponse.php(37): Illuminate\\Pipeline\\Pipeline->Illuminate\\Pipeline\\{closure}()
#41 /home/u844577645/domains/joxmako.com/public_html/admin/vendor/laravel/framework/src/Illuminate/Pipeline/Pipeline.php(183): Illuminate\\Cookie\\Middleware\\AddQueuedCookiesToResponse->handle()
#42 /home/u844577645/domains/joxmako.com/public_html/admin/vendor/laravel/framework/src/Illuminate/Cookie/Middleware/EncryptCookies.php(67): Illuminate\\Pipeline\\Pipeline->Illuminate\\Pipeline\\{closure}()
#43 /home/u844577645/domains/joxmako.com/public_html/admin/vendor/laravel/framework/src/Illuminate/Pipeline/Pipeline.php(183): Illuminate\\Cookie\\Middleware\\EncryptCookies->handle()
#44 /home/u844577645/domains/joxmako.com/public_html/admin/vendor/laravel/framework/src/Illuminate/Pipeline/Pipeline.php(119): Illuminate\\Pipeline\\Pipeline->Illuminate\\Pipeline\\{closure}()
#45 /home/u844577645/domains/joxmako.com/public_html/admin/vendor/laravel/framework/src/Illuminate/Routing/Router.php(805): Illuminate\\Pipeline\\Pipeline->then()
#46 /home/u844577645/domains/joxmako.com/public_html/admin/vendor/laravel/framework/src/Illuminate/Routing/Router.php(784): Illuminate\\Routing\\Router->runRouteWithinStack()
#47 /home/u844577645/domains/joxmako.com/public_html/admin/vendor/laravel/framework/src/Illuminate/Routing/Router.php(748): Illuminate\\Routing\\Router->runRoute()
#48 /home/u844577645/domains/joxmako.com/public_html/admin/vendor/laravel/framework/src/Illuminate/Routing/Router.php(737): Illuminate\\Routing\\Router->dispatchToRoute()
#49 /home/u844577645/domains/joxmako.com/public_html/admin/vendor/laravel/framework/src/Illuminate/Foundation/Http/Kernel.php(200): Illuminate\\Routing\\Router->dispatch()
#50 /home/u844577645/domains/joxmako.com/public_html/admin/vendor/laravel/framework/src/Illuminate/Pipeline/Pipeline.php(144): Illuminate\\Foundation\\Http\\Kernel->Illuminate\\Foundation\\Http\\{closure}()
#51 /home/u844577645/domains/joxmako.com/public_html/admin/vendor/laravel/framework/src/Illuminate/Foundation/Http/Middleware/TransformsRequest.php(21): Illuminate\\Pipeline\\Pipeline->Illuminate\\Pipeline\\{closure}()
#52 /home/u844577645/domains/joxmako.com/public_html/admin/vendor/laravel/framework/src/Illuminate/Foundation/Http/Middleware/ConvertEmptyStringsToNull.php(31): Illuminate\\Foundation\\Http\\Middleware\\TransformsRequest->handle()
#53 /home/u844577645/domains/joxmako.com/public_html/admin/vendor/laravel/framework/src/Illuminate/Pipeline/Pipeline.php(183): Illuminate\\Foundation\\Http\\Middleware\\ConvertEmptyStringsToNull->handle()
#54 /home/u844577645/domains/joxmako.com/public_html/admin/vendor/laravel/framework/src/Illuminate/Foundation/Http/Middleware/TransformsRequest.php(21): Illuminate\\Pipeline\\Pipeline->Illuminate\\Pipeline\\{closure}()
#55 /home/u844577645/domains/joxmako.com/public_html/admin/vendor/laravel/framework/src/Illuminate/Foundation/Http/Middleware/TrimStrings.php(40): Illuminate\\Foundation\\Http\\Middleware\\TransformsRequest->handle()
#56 /home/u844577645/domains/joxmako.com/public_html/admin/vendor/laravel/framework/src/Illuminate/Pipeline/Pipeline.php(183): Illuminate\\Foundation\\Http\\Middleware\\TrimStrings->handle()
#57 /home/u844577645/domains/joxmako.com/public_html/admin/vendor/laravel/framework/src/Illuminate/Foundation/Http/Middleware/ValidatePostSize.php(27): Illuminate\\Pipeline\\Pipeline->Illuminate\\Pipeline\\{closure}()
#58 /home/u844577645/domains/joxmako.com/public_html/admin/vendor/laravel/framework/src/Illuminate/Pipeline/Pipeline.php(183): Illuminate\\Foundation\\Http\\Middleware\\ValidatePostSize->handle()
#59 /home/u844577645/domains/joxmako.com/public_html/admin/vendor/laravel/framework/src/Illuminate/Foundation/Http/Middleware/PreventRequestsDuringMaintenance.php(99): Illuminate\\Pipeline\\Pipeline->Illuminate\\Pipeline\\{closure}()
#60 /home/u844577645/domains/joxmako.com/public_html/admin/vendor/laravel/framework/src/Illuminate/Pipeline/Pipeline.php(183): Illuminate\\Foundation\\Http\\Middleware\\PreventRequestsDuringMaintenance->handle()
#61 /home/u844577645/domains/joxmako.com/public_html/admin/vendor/laravel/framework/src/Illuminate/Http/Middleware/HandleCors.php(49): Illuminate\\Pipeline\\Pipeline->Illuminate\\Pipeline\\{closure}()
#62 /home/u844577645/domains/joxmako.com/public_html/admin/vendor/laravel/framework/src/Illuminate/Pipeline/Pipeline.php(183): Illuminate\\Http\\Middleware\\HandleCors->handle()
#63 /home/u844577645/domains/joxmako.com/public_html/admin/vendor/laravel/framework/src/Illuminate/Http/Middleware/TrustProxies.php(39): Illuminate\\Pipeline\\Pipeline->Illuminate\\Pipeline\\{closure}()
#64 /home/u844577645/domains/joxmako.com/public_html/admin/vendor/laravel/framework/src/Illuminate/Pipeline/Pipeline.php(183): Illuminate\\Http\\Middleware\\TrustProxies->handle()
#65 /home/u844577645/domains/joxmako.com/public_html/admin/vendor/laravel/framework/src/Illuminate/Pipeline/Pipeline.php(119): Illuminate\\Pipeline\\Pipeline->Illuminate\\Pipeline\\{closure}()
#66 /home/u844577645/domains/joxmako.com/public_html/admin/vendor/laravel/framework/src/Illuminate/Foundation/Http/Kernel.php(175): Illuminate\\Pipeline\\Pipeline->then()
#67 /home/u844577645/domains/joxmako.com/public_html/admin/vendor/laravel/framework/src/Illuminate/Foundation/Http/Kernel.php(144): Illuminate\\Foundation\\Http\\Kernel->sendRequestThroughRouter()
#68 /home/u844577645/domains/joxmako.com/public_html/admin/public/index.php(51): Illuminate\\Foundation\\Http\\Kernel->handle()
#69 {main}

[previous exception] [object] (Symfony\\Component\\Routing\\Exception\\RouteNotFoundException(code: 0): Route [ai.analyze-image-auto-fill] not defined. at /home/u844577645/domains/joxmako.com/public_html/admin/vendor/laravel/framework/src/Illuminate/Routing/UrlGenerator.php:477)
[stacktrace]
#0 /home/u844577645/domains/joxmako.com/public_html/admin/vendor/laravel/framework/src/Illuminate/Foundation/helpers.php(811): Illuminate\\Routing\\UrlGenerator->route()
#1 /home/u844577645/domains/joxmako.com/public_html/admin/storage/framework/views/b62a6a39a536812d413aadf9f780538c.php(97): route()
#2 /home/u844577645/domains/joxmako.com/public_html/admin/vendor/laravel/framework/src/Illuminate/Filesystem/Filesystem.php(123): require('/home/u84457764...')
#3 /home/u844577645/domains/joxmako.com/public_html/admin/vendor/laravel/framework/src/Illuminate/Filesystem/Filesystem.php(124): Illuminate\\Filesystem\\Filesystem::Illuminate\\Filesystem\\{closure}()
#4 /home/u844577645/domains/joxmako.com/public_html/admin/vendor/laravel/framework/src/Illuminate/View/Engines/PhpEngine.php(58): Illuminate\\Filesystem\\Filesystem->getRequire()
#5 /home/u844577645/domains/joxmako.com/public_html/admin/vendor/laravel/framework/src/Illuminate/View/Engines/CompilerEngine.php(72): Illuminate\\View\\Engines\\PhpEngine->evaluatePath()
#6 /home/u844577645/domains/joxmako.com/public_html/admin/vendor/laravel/framework/src/Illuminate/View/View.php(207): Illuminate\\View\\Engines\\CompilerEngine->get()
#7 /home/u844577645/domains/joxmako.com/public_html/admin/vendor/laravel/framework/src/Illuminate/View/View.php(190): Illuminate\\View\\View->getContents()
#8 /home/u844577645/domains/joxmako.com/public_html/admin/vendor/laravel/framework/src/Illuminate/View/View.php(159): Illuminate\\View\\View->renderContents()
#9 /home/u844577645/domains/joxmako.com/public_html/admin/storage/framework/views/0a2bd9d083b3024b0c33542497b84e3b.php(411): Illuminate\\View\\View->render()
#10 /home/u844577645/domains/joxmako.com/public_html/admin/vendor/laravel/framework/src/Illuminate/Filesystem/Filesystem.php(123): require('/home/u84457764...')
#11 /home/u844577645/domains/joxmako.com/public_html/admin/vendor/laravel/framework/src/Illuminate/Filesystem/Filesystem.php(124): Illuminate\\Filesystem\\Filesystem::Illuminate\\Filesystem\\{closure}()
#12 /home/u844577645/domains/joxmako.com/public_html/admin/vendor/laravel/framework/src/Illuminate/View/Engines/PhpEngine.php(58): Illuminate\\Filesystem\\Filesystem->getRequire()
#13 /home/u844577645/domains/joxmako.com/public_html/admin/vendor/laravel/framework/src/Illuminate/View/Engines/CompilerEngine.php(72): Illuminate\\View\\Engines\\PhpEngine->evaluatePath()
#14 /home/u844577645/domains/joxmako.com/public_html/admin/vendor/laravel/framework/src/Illuminate/View/View.php(207): Illuminate\\View\\Engines\\CompilerEngine->get()
#15 /home/u844577645/domains/joxmako.com/public_html/admin/vendor/laravel/framework/src/Illuminate/View/View.php(190): Illuminate\\View\\View->getContents()
#16 /home/u844577645/domains/joxmako.com/public_html/admin/vendor/laravel/framework/src/Illuminate/View/View.php(159): Illuminate\\View\\View->renderContents()
#17 /home/u844577645/domains/joxmako.com/public_html/admin/vendor/laravel/framework/src/Illuminate/Http/Response.php(69): Illuminate\\View\\View->render()
#18 /home/u844577645/domains/joxmako.com/public_html/admin/vendor/laravel/framework/src/Illuminate/Http/Response.php(35): Illuminate\\Http\\Response->setContent()
#19 /home/u844577645/domains/joxmako.com/public_html/admin/vendor/laravel/framework/src/Illuminate/Routing/Router.php(918): Illuminate\\Http\\Response->__construct()
#20 /home/u844577645/domains/joxmako.com/public_html/admin/vendor/laravel/framework/src/Illuminate/Routing/Router.php(885): Illuminate\\Routing\\Router::toResponse()
#21 /home/u844577645/domains/joxmako.com/public_html/admin/vendor/laravel/framework/src/Illuminate/Routing/Router.php(805): Illuminate\\Routing\\Router->prepareResponse()
#22 /home/u844577645/domains/joxmako.com/public_html/admin/vendor/laravel/framework/src/Illuminate/Pipeline/Pipeline.php(144): Illuminate\\Routing\\Router->Illuminate\\Routing\\{closure}()
#23 /home/u844577645/domains/joxmako.com/public_html/admin/app/Http/Middleware/PermissionMiddleware.php(40): Illuminate\\Pipeline\\Pipeline->Illuminate\\Pipeline\\{closure}()
#24 /home/u844577645/domains/joxmako.com/public_html/admin/vendor/laravel/framework/src/Illuminate/Pipeline/Pipeline.php(183): App\\Http\\Middleware\\PermissionMiddleware->handle()
#25 /home/u844577645/domains/joxmako.com/public_html/admin/app/Http/Middleware/CheckUserRoleMiddleware.php(34): Illuminate\\Pipeline\\Pipeline->Illuminate\\Pipeline\\{closure}()
#26 /home/u844577645/domains/joxmako.com/public_html/admin/vendor/laravel/framework/src/Illuminate/Pipeline/Pipeline.php(183): App\\Http\\Middleware\\CheckUserRoleMiddleware->handle()
#27 /home/u844577645/domains/joxmako.com/public_html/admin/app/Http/Middleware/LanguageManager.php(23): Illuminate\\Pipeline\\Pipeline->Illuminate\\Pipeline\\{closure}()
#28 /home/u844577645/domains/joxmako.com/public_html/admin/vendor/laravel/framework/src/Illuminate/Pipeline/Pipeline.php(183): App\\Http\\Middleware\\LanguageManager->handle()
#29 /home/u844577645/domains/joxmako.com/public_html/admin/vendor/laravel/framework/src/Illuminate/Routing/Middleware/SubstituteBindings.php(50): Illuminate\\Pipeline\\Pipeline->Illuminate\\Pipeline\\{closure}()
#30 /home/u844577645/domains/joxmako.com/public_html/admin/vendor/laravel/framework/src/Illuminate/Pipeline/Pipeline.php(183): Illuminate\\Routing\\Middleware\\SubstituteBindings->handle()
#31 /home/u844577645/domains/joxmako.com/public_html/admin/vendor/laravel/framework/src/Illuminate/Auth/Middleware/Authenticate.php(57): Illuminate\\Pipeline\\Pipeline->Illuminate\\Pipeline\\{closure}()
#32 /home/u844577645/domains/joxmako.com/public_html/admin/vendor/laravel/framework/src/Illuminate/Pipeline/Pipeline.php(183): Illuminate\\Auth\\Middleware\\Authenticate->handle()
#33 /home/u844577645/domains/joxmako.com/public_html/admin/vendor/laravel/framework/src/Illuminate/Foundation/Http/Middleware/VerifyCsrfToken.php(78): Illuminate\\Pipeline\\Pipeline->Illuminate\\Pipeline\\{closure}()
#34 /home/u844577645/domains/joxmako.com/public_html/admin/vendor/laravel/framework/src/Illuminate/Pipeline/Pipeline.php(183): Illuminate\\Foundation\\Http\\Middleware\\VerifyCsrfToken->handle()
#35 /home/u844577645/domains/joxmako.com/public_html/admin/vendor/laravel/framework/src/Illuminate/View/Middleware/ShareErrorsFromSession.php(49): Illuminate\\Pipeline\\Pipeline->Illuminate\\Pipeline\\{closure}()
#36 /home/u844577645/domains/joxmako.com/public_html/admin/vendor/laravel/framework/src/Illuminate/Pipeline/Pipeline.php(183): Illuminate\\View\\Middleware\\ShareErrorsFromSession->handle()
#37 /home/u844577645/domains/joxmako.com/public_html/admin/vendor/laravel/framework/src/Illuminate/Session/Middleware/StartSession.php(121): Illuminate\\Pipeline\\Pipeline->Illuminate\\Pipeline\\{closure}()
#38 /home/u844577645/domains/joxmako.com/public_html/admin/vendor/laravel/framework/src/Illuminate/Session/Middleware/StartSession.php(64): Illuminate\\Session\\Middleware\\StartSession->handleStatefulRequest()
#39 /home/u844577645/domains/joxmako.com/public_html/admin/vendor/laravel/framework/src/Illuminate/Pipeline/Pipeline.php(183): Illuminate\\Session\\Middleware\\StartSession->handle()
#40 /home/u844577645/domains/joxmako.com/public_html/admin/vendor/laravel/framework/src/Illuminate/Cookie/Middleware/AddQueuedCookiesToResponse.php(37): Illuminate\\Pipeline\\Pipeline->Illuminate\\Pipeline\\{closure}()
#41 /home/u844577645/domains/joxmako.com/public_html/admin/vendor/laravel/framework/src/Illuminate/Pipeline/Pipeline.php(183): Illuminate\\Cookie\\Middleware\\AddQueuedCookiesToResponse->handle()
#42 /home/u844577645/domains/joxmako.com/public_html/admin/vendor/laravel/framework/src/Illuminate/Cookie/Middleware/EncryptCookies.php(67): Illuminate\\Pipeline\\Pipeline->Illuminate\\Pipeline\\{closure}()
#43 /home/u844577645/domains/joxmako.com/public_html/admin/vendor/laravel/framework/src/Illuminate/Pipeline/Pipeline.php(183): Illuminate\\Cookie\\Middleware\\EncryptCookies->handle()
#44 /home/u844577645/domains/joxmako.com/public_html/admin/vendor/laravel/framework/src/Illuminate/Pipeline/Pipeline.php(119): Illuminate\\Pipeline\\Pipeline->Illuminate\\Pipeline\\{closure}()
#45 /home/u844577645/domains/joxmako.com/public_html/admin/vendor/laravel/framework/src/Illuminate/Routing/Router.php(805): Illuminate\\Pipeline\\Pipeline->then()
#46 /home/u844577645/domains/joxmako.com/public_html/admin/vendor/laravel/framework/src/Illuminate/Routing/Router.php(784): Illuminate\\Routing\\Router->runRouteWithinStack()
#47 /home/u844577645/domains/joxmako.com/public_html/admin/vendor/laravel/framework/src/Illuminate/Routing/Router.php(748): Illuminate\\Routing\\Router->runRoute()
#48 /home/u844577645/domains/joxmako.com/public_html/admin/vendor/laravel/framework/src/Illuminate/Routing/Router.php(737): Illuminate\\Routing\\Router->dispatchToRoute()
#49 /home/u844577645/domains/joxmako.com/public_html/admin/vendor/laravel/framework/src/Illuminate/Foundation/Http/Kernel.php(200): Illuminate\\Routing\\Router->dispatch()
#50 /home/u844577645/domains/joxmako.com/public_html/admin/vendor/laravel/framework/src/Illuminate/Pipeline/Pipeline.php(144): Illuminate\\Foundation\\Http\\Kernel->Illuminate\\Foundation\\Http\\{closure}()
#51 /home/u844577645/domains/joxmako.com/public_html/admin/vendor/laravel/framework/src/Illuminate/Foundation/Http/Middleware/TransformsRequest.php(21): Illuminate\\Pipeline\\Pipeline->Illuminate\\Pipeline\\{closure}()
#52 /home/u844577645/domains/joxmako.com/public_html/admin/vendor/laravel/framework/src/Illuminate/Foundation/Http/Middleware/ConvertEmptyStringsToNull.php(31): Illuminate\\Foundation\\Http\\Middleware\\TransformsRequest->handle()
#53 /home/u844577645/domains/joxmako.com/public_html/admin/vendor/laravel/framework/src/Illuminate/Pipeline/Pipeline.php(183): Illuminate\\Foundation\\Http\\Middleware\\ConvertEmptyStringsToNull->handle()
#54 /home/u844577645/domains/joxmako.com/public_html/admin/vendor/laravel/framework/src/Illuminate/Foundation/Http/Middleware/TransformsRequest.php(21): Illuminate\\Pipeline\\Pipeline->Illuminate\\Pipeline\\{closure}()
#55 /home/u844577645/domains/joxmako.com/public_html/admin/vendor/laravel/framework/src/Illuminate/Foundation/Http/Middleware/TrimStrings.php(40): Illuminate\\Foundation\\Http\\Middleware\\TransformsRequest->handle()
#56 /home/u844577645/domains/joxmako.com/public_html/admin/vendor/laravel/framework/src/Illuminate/Pipeline/Pipeline.php(183): Illuminate\\Foundation\\Http\\Middleware\\TrimStrings->handle()
#57 /home/u844577645/domains/joxmako.com/public_html/admin/vendor/laravel/framework/src/Illuminate/Foundation/Http/Middleware/ValidatePostSize.php(27): Illuminate\\Pipeline\\Pipeline->Illuminate\\Pipeline\\{closure}()
#58 /home/u844577645/domains/joxmako.com/public_html/admin/vendor/laravel/framework/src/Illuminate/Pipeline/Pipeline.php(183): Illuminate\\Foundation\\Http\\Middleware\\ValidatePostSize->handle()
#59 /home/u844577645/domains/joxmako.com/public_html/admin/vendor/laravel/framework/src/Illuminate/Foundation/Http/Middleware/PreventRequestsDuringMaintenance.php(99): Illuminate\\Pipeline\\Pipeline->Illuminate\\Pipeline\\{closure}()
#60 /home/u844577645/domains/joxmako.com/public_html/admin/vendor/laravel/framework/src/Illuminate/Pipeline/Pipeline.php(183): Illuminate\\Foundation\\Http\\Middleware\\PreventRequestsDuringMaintenance->handle()
#61 /home/u844577645/domains/joxmako.com/public_html/admin/vendor/laravel/framework/src/Illuminate/Http/Middleware/HandleCors.php(49): Illuminate\\Pipeline\\Pipeline->Illuminate\\Pipeline\\{closure}()
#62 /home/u844577645/domains/joxmako.com/public_html/admin/vendor/laravel/framework/src/Illuminate/Pipeline/Pipeline.php(183): Illuminate\\Http\\Middleware\\HandleCors->handle()
#63 /home/u844577645/domains/joxmako.com/public_html/admin/vendor/laravel/framework/src/Illuminate/Http/Middleware/TrustProxies.php(39): Illuminate\\Pipeline\\Pipeline->Illuminate\\Pipeline\\{closure}()
#64 /home/u844577645/domains/joxmako.com/public_html/admin/vendor/laravel/framework/src/Illuminate/Pipeline/Pipeline.php(183): Illuminate\\Http\\Middleware\\TrustProxies->handle()
#65 /home/u844577645/domains/joxmako.com/public_html/admin/vendor/laravel/framework/src/Illuminate/Pipeline/Pipeline.php(119): Illuminate\\Pipeline\\Pipeline->Illuminate\\Pipeline\\{closure}()
#66 /home/u844577645/domains/joxmako.com/public_html/admin/vendor/laravel/framework/src/Illuminate/Foundation/Http/Kernel.php(175): Illuminate\\Pipeline\\Pipeline->then()
#67 /home/u844577645/domains/joxmako.com/public_html/admin/vendor/laravel/framework/src/Illuminate/Foundation/Http/Kernel.php(144): Illuminate\\Foundation\\Http\\Kernel->sendRequestThroughRouter()
#68 /home/u844577645/domains/joxmako.com/public_html/admin/public/index.php(51): Illuminate\\Foundation\\Http\\Kernel->handle()
#69 {main}
"} 
[2026-05-16 23:08:10] production.ERROR: Route [ai.analyze-image-auto-fill] not defined. {"view":{"view":"/home/u844577645/domains/joxmako.com/public_html/admin/resources/views/layouts/ai_sidebar.blade.php","data":[]},"userId":1,"exception":"[object] (Spatie\\LaravelIgnition\\Exceptions\\ViewException(code: 0): Route [ai.analyze-image-auto-fill] not defined. at /home/u844577645/domains/joxmako.com/public_html/admin/vendor/laravel/framework/src/Illuminate/Routing/UrlGenerator.php:477)
[stacktrace]
#0 /home/u844577645/domains/joxmako.com/public_html/admin/vendor/laravel/framework/src/Illuminate/Foundation/helpers.php(811): Illuminate\\Routing\\UrlGenerator->route()
#1 /home/u844577645/domains/joxmako.com/public_html/admin/resources/views/layouts/ai_sidebar.blade.php(94): route()
#2 /home/u844577645/domains/joxmako.com/public_html/admin/vendor/laravel/framework/src/Illuminate/Filesystem/Filesystem.php(123): require('/home/u84457764...')
#3 /home/u844577645/domains/joxmako.com/public_html/admin/vendor/laravel/framework/src/Illuminate/Filesystem/Filesystem.php(124): Illuminate\\Filesystem\\Filesystem::Illuminate\\Filesystem\\{closure}()
#4 /home/u844577645/domains/joxmako.com/public_html/admin/vendor/laravel/framework/src/Illuminate/View/Engines/PhpEngine.php(58): Illuminate\\Filesystem\\Filesystem->getRequire()
#5 /home/u844577645/domains/joxmako.com/public_html/admin/vendor/laravel/framework/src/Illuminate/View/Engines/CompilerEngine.php(72): Illuminate\\View\\Engines\\PhpEngine->evaluatePath()
#6 /home/u844577645/domains/joxmako.com/public_html/admin/vendor/laravel/framework/src/Illuminate/View/View.php(207): Illuminate\\View\\Engines\\CompilerEngine->get()
#7 /home/u844577645/domains/joxmako.com/public_html/admin/vendor/laravel/framework/src/Illuminate/View/View.php(190): Illuminate\\View\\View->getContents()
#8 /home/u844577645/domains/joxmako.com/public_html/admin/vendor/laravel/framework/src/Illuminate/View/View.php(159): Illuminate\\View\\View->renderContents()
#9 /home/u844577645/domains/joxmako.com/public_html/admin/resources/views/items/create.blade.php(400): Illuminate\\View\\View->render()
#10 /home/u844577645/domains/joxmako.com/public_html/admin/vendor/laravel/framework/src/Illuminate/Filesystem/Filesystem.php(123): require('/home/u84457764...')
#11 /home/u844577645/domains/joxmako.com/public_html/admin/vendor/laravel/framework/src/Illuminate/Filesystem/Filesystem.php(124): Illuminate\\Filesystem\\Filesystem::Illuminate\\Filesystem\\{closure}()
#12 /home/u844577645/domains/joxmako.com/public_html/admin/vendor/laravel/framework/src/Illuminate/View/Engines/PhpEngine.php(58): Illuminate\\Filesystem\\Filesystem->getRequire()
#13 /home/u844577645/domains/joxmako.com/public_html/admin/vendor/laravel/framework/src/Illuminate/View/Engines/CompilerEngine.php(72): Illuminate\\View\\Engines\\PhpEngine->evaluatePath()
#14 /home/u844577645/domains/joxmako.com/public_html/admin/vendor/laravel/framework/src/Illuminate/View/View.php(207): Illuminate\\View\\Engines\\CompilerEngine->get()
#15 /home/u844577645/domains/joxmako.com/public_html/admin/vendor/laravel/framework/src/Illuminate/View/View.php(190): Illuminate\\View\\View->getContents()
#16 /home/u844577645/domains/joxmako.com/public_html/admin/vendor/laravel/framework/src/Illuminate/View/View.php(159): Illuminate\\View\\View->renderContents()
#17 /home/u844577645/domains/joxmako.com/public_html/admin/vendor/laravel/framework/src/Illuminate/Http/Response.php(69): Illuminate\\View\\View->render()
#18 /home/u844577645/domains/joxmako.com/public_html/admin/vendor/laravel/framework/src/Illuminate/Http/Response.php(35): Illuminate\\Http\\Response->setContent()
#19 /home/u844577645/domains/joxmako.com/public_html/admin/vendor/laravel/framework/src/Illuminate/Routing/Router.php(918): Illuminate\\Http\\Response->__construct()
#20 /home/u844577645/domains/joxmako.com/public_html/admin/vendor/laravel/framework/src/Illuminate/Routing/Router.php(885): Illuminate\\Routing\\Router::toResponse()
#21 /home/u844577645/domains/joxmako.com/public_html/admin/vendor/laravel/framework/src/Illuminate/Routing/Router.php(805): Illuminate\\Routing\\Router->prepareResponse()
#22 /home/u844577645/domains/joxmako.com/public_html/admin/vendor/laravel/framework/src/Illuminate/Pipeline/Pipeline.php(144): Illuminate\\Routing\\Router->Illuminate\\Routing\\{closure}()
#23 /home/u844577645/domains/joxmako.com/public_html/admin/app/Http/Middleware/PermissionMiddleware.php(40): Illuminate\\Pipeline\\Pipeline->Illuminate\\Pipeline\\{closure}()
#24 /home/u844577645/domains/joxmako.com/public_html/admin/vendor/laravel/framework/src/Illuminate/Pipeline/Pipeline.php(183): App\\Http\\Middleware\\PermissionMiddleware->handle()
#25 /home/u844577645/domains/joxmako.com/public_html/admin/app/Http/Middleware/CheckUserRoleMiddleware.php(34): Illuminate\\Pipeline\\Pipeline->Illuminate\\Pipeline\\{closure}()
#26 /home/u844577645/domains/joxmako.com/public_html/admin/vendor/laravel/framework/src/Illuminate/Pipeline/Pipeline.php(183): App\\Http\\Middleware\\CheckUserRoleMiddleware->handle()
#27 /home/u844577645/domains/joxmako.com/public_html/admin/app/Http/Middleware/LanguageManager.php(23): Illuminate\\Pipeline\\Pipeline->Illuminate\\Pipeline\\{closure}()
#28 /home/u844577645/domains/joxmako.com/public_html/admin/vendor/laravel/framework/src/Illuminate/Pipeline/Pipeline.php(183): App\\Http\\Middleware\\LanguageManager->handle()
#29 /home/u844577645/domains/joxmako.com/public_html/admin/vendor/laravel/framework/src/Illuminate/Routing/Middleware/SubstituteBindings.php(50): Illuminate\\Pipeline\\Pipeline->Illuminate\\Pipeline\\{closure}()
#30 /home/u844577645/domains/joxmako.com/public_html/admin/vendor/laravel/framework/src/Illuminate/Pipeline/Pipeline.php(183): Illuminate\\Routing\\Middleware\\SubstituteBindings->handle()
#31 /home/u844577645/domains/joxmako.com/public_html/admin/vendor/laravel/framework/src/Illuminate/Auth/Middleware/Authenticate.php(57): Illuminate\\Pipeline\\Pipeline->Illuminate\\Pipeline\\{closure}()
#32 /home/u844577645/domains/joxmako.com/public_html/admin/vendor/laravel/framework/src/Illuminate/Pipeline/Pipeline.php(183): Illuminate\\Auth\\Middleware\\Authenticate->handle()
#33 /home/u844577645/domains/joxmako.com/public_html/admin/vendor/laravel/framework/src/Illuminate/Foundation/Http/Middleware/VerifyCsrfToken.php(78): Illuminate\\Pipeline\\Pipeline->Illuminate\\Pipeline\\{closure}()
#34 /home/u844577645/domains/joxmako.com/public_html/admin/vendor/laravel/framework/src/Illuminate/Pipeline/Pipeline.php(183): Illuminate\\Foundation\\Http\\Middleware\\VerifyCsrfToken->handle()
#35 /home/u844577645/domains/joxmako.com/public_html/admin/vendor/laravel/framework/src/Illuminate/View/Middleware/ShareErrorsFromSession.php(49): Illuminate\\Pipeline\\Pipeline->Illuminate\\Pipeline\\{closure}()
#36 /home/u844577645/domains/joxmako.com/public_html/admin/vendor/laravel/framework/src/Illuminate/Pipeline/Pipeline.php(183): Illuminate\\View\\Middleware\\ShareErrorsFromSession->handle()
#37 /home/u844577645/domains/joxmako.com/public_html/admin/vendor/laravel/framework/src/Illuminate/Session/Middleware/StartSession.php(121): Illuminate\\Pipeline\\Pipeline->Illuminate\\Pipeline\\{closure}()
#38 /home/u844577645/domains/joxmako.com/public_html/admin/vendor/laravel/framework/src/Illuminate/Session/Middleware/StartSession.php(64): Illuminate\\Session\\Middleware\\StartSession->handleStatefulRequest()
#39 /home/u844577645/domains/joxmako.com/public_html/admin/vendor/laravel/framework/src/Illuminate/Pipeline/Pipeline.php(183): Illuminate\\Session\\Middleware\\StartSession->handle()
#40 /home/u844577645/domains/joxmako.com/public_html/admin/vendor/laravel/framework/src/Illuminate/Cookie/Middleware/AddQueuedCookiesToResponse.php(37): Illuminate\\Pipeline\\Pipeline->Illuminate\\Pipeline\\{closure}()
#41 /home/u844577645/domains/joxmako.com/public_html/admin/vendor/laravel/framework/src/Illuminate/Pipeline/Pipeline.php(183): Illuminate\\Cookie\\Middleware\\AddQueuedCookiesToResponse->handle()
#42 /home/u844577645/domains/joxmako.com/public_html/admin/vendor/laravel/framework/src/Illuminate/Cookie/Middleware/EncryptCookies.php(67): Illuminate\\Pipeline\\Pipeline->Illuminate\\Pipeline\\{closure}()
#43 /home/u844577645/domains/joxmako.com/public_html/admin/vendor/laravel/framework/src/Illuminate/Pipeline/Pipeline.php(183): Illuminate\\Cookie\\Middleware\\EncryptCookies->handle()
#44 /home/u844577645/domains/joxmako.com/public_html/admin/vendor/laravel/framework/src/Illuminate/Pipeline/Pipeline.php(119): Illuminate\\Pipeline\\Pipeline->Illuminate\\Pipeline\\{closure}()
#45 /home/u844577645/domains/joxmako.com/public_html/admin/vendor/laravel/framework/src/Illuminate/Routing/Router.php(805): Illuminate\\Pipeline\\Pipeline->then()
#46 /home/u844577645/domains/joxmako.com/public_html/admin/vendor/laravel/framework/src/Illuminate/Routing/Router.php(784): Illuminate\\Routing\\Router->runRouteWithinStack()
#47 /home/u844577645/domains/joxmako.com/public_html/admin/vendor/laravel/framework/src/Illuminate/Routing/Router.php(748): Illuminate\\Routing\\Router->runRoute()
#48 /home/u844577645/domains/joxmako.com/public_html/admin/vendor/laravel/framework/src/Illuminate/Routing/Router.php(737): Illuminate\\Routing\\Router->dispatchToRoute()
#49 /home/u844577645/domains/joxmako.com/public_html/admin/vendor/laravel/framework/src/Illuminate/Foundation/Http/Kernel.php(200): Illuminate\\Routing\\Router->dispatch()
#50 /home/u844577645/domains/joxmako.com/public_html/admin/vendor/laravel/framework/src/Illuminate/Pipeline/Pipeline.php(144): Illuminate\\Foundation\\Http\\Kernel->Illuminate\\Foundation\\Http\\{closure}()
#51 /home/u844577645/domains/joxmako.com/public_html/admin/vendor/laravel/framework/src/Illuminate/Foundation/Http/Middleware/TransformsRequest.php(21): Illuminate\\Pipeline\\Pipeline->Illuminate\\Pipeline\\{closure}()
#52 /home/u844577645/domains/joxmako.com/public_html/admin/vendor/laravel/framework/src/Illuminate/Foundation/Http/Middleware/ConvertEmptyStringsToNull.php(31): Illuminate\\Foundation\\Http\\Middleware\\TransformsRequest->handle()
#53 /home/u844577645/domains/joxmako.com/public_html/admin/vendor/laravel/framework/src/Illuminate/Pipeline/Pipeline.php(183): Illuminate\\Foundation\\Http\\Middleware\\ConvertEmptyStringsToNull->handle()
#54 /home/u844577645/domains/joxmako.com/public_html/admin/vendor/laravel/framework/src/Illuminate/Foundation/Http/Middleware/TransformsRequest.php(21): Illuminate\\Pipeline\\Pipeline->Illuminate\\Pipeline\\{closure}()
#55 /home/u844577645/domains/joxmako.com/public_html/admin/vendor/laravel/framework/src/Illuminate/Foundation/Http/Middleware/TrimStrings.php(40): Illuminate\\Foundation\\Http\\Middleware\\TransformsRequest->handle()
#56 /home/u844577645/domains/joxmako.com/public_html/admin/vendor/laravel/framework/src/Illuminate/Pipeline/Pipeline.php(183): Illuminate\\Foundation\\Http\\Middleware\\TrimStrings->handle()
#57 /home/u844577645/domains/joxmako.com/public_html/admin/vendor/laravel/framework/src/Illuminate/Foundation/Http/Middleware/ValidatePostSize.php(27): Illuminate\\Pipeline\\Pipeline->Illuminate\\Pipeline\\{closure}()
#58 /home/u844577645/domains/joxmako.com/public_html/admin/vendor/laravel/framework/src/Illuminate/Pipeline/Pipeline.php(183): Illuminate\\Foundation\\Http\\Middleware\\ValidatePostSize->handle()
#59 /home/u844577645/domains/joxmako.com/public_html/admin/vendor/laravel/framework/src/Illuminate/Foundation/Http/Middleware/PreventRequestsDuringMaintenance.php(99): Illuminate\\Pipeline\\Pipeline->Illuminate\\Pipeline\\{closure}()
#60 /home/u844577645/domains/joxmako.com/public_html/admin/vendor/laravel/framework/src/Illuminate/Pipeline/Pipeline.php(183): Illuminate\\Foundation\\Http\\Middleware\\PreventRequestsDuringMaintenance->handle()
#61 /home/u844577645/domains/joxmako.com/public_html/admin/vendor/laravel/framework/src/Illuminate/Http/Middleware/HandleCors.php(49): Illuminate\\Pipeline\\Pipeline->Illuminate\\Pipeline\\{closure}()
#62 /home/u844577645/domains/joxmako.com/public_html/admin/vendor/laravel/framework/src/Illuminate/Pipeline/Pipeline.php(183): Illuminate\\Http\\Middleware\\HandleCors->handle()
#63 /home/u844577645/domains/joxmako.com/public_html/admin/vendor/laravel/framework/src/Illuminate/Http/Middleware/TrustProxies.php(39): Illuminate\\Pipeline\\Pipeline->Illuminate\\Pipeline\\{closure}()
#64 /home/u844577645/domains/joxmako.com/public_html/admin/vendor/laravel/framework/src/Illuminate/Pipeline/Pipeline.php(183): Illuminate\\Http\\Middleware\\TrustProxies->handle()
#65 /home/u844577645/domains/joxmako.com/public_html/admin/vendor/laravel/framework/src/Illuminate/Pipeline/Pipeline.php(119): Illuminate\\Pipeline\\Pipeline->Illuminate\\Pipeline\\{closure}()
#66 /home/u844577645/domains/joxmako.com/public_html/admin/vendor/laravel/framework/src/Illuminate/Foundation/Http/Kernel.php(175): Illuminate\\Pipeline\\Pipeline->then()
#67 /home/u844577645/domains/joxmako.com/public_html/admin/vendor/laravel/framework/src/Illuminate/Foundation/Http/Kernel.php(144): Illuminate\\Foundation\\Http\\Kernel->sendRequestThroughRouter()
#68 /home/u844577645/domains/joxmako.com/public_html/admin/public/index.php(51): Illuminate\\Foundation\\Http\\Kernel->handle()
#69 {main}

[previous exception] [object] (Symfony\\Component\\Routing\\Exception\\RouteNotFoundException(code: 0): Route [ai.analyze-image-auto-fill] not defined. at /home/u844577645/domains/joxmako.com/public_html/admin/vendor/laravel/framework/src/Illuminate/Routing/UrlGenerator.php:477)
[stacktrace]
#0 /home/u844577645/domains/joxmako.com/public_html/admin/vendor/laravel/framework/src/Illuminate/Foundation/helpers.php(811): Illuminate\\Routing\\UrlGenerator->route()
#1 /home/u844577645/domains/joxmako.com/public_html/admin/storage/framework/views/b62a6a39a536812d413aadf9f780538c.php(97): route()
#2 /home/u844577645/domains/joxmako.com/public_html/admin/vendor/laravel/framework/src/Illuminate/Filesystem/Filesystem.php(123): require('/home/u84457764...')
#3 /home/u844577645/domains/joxmako.com/public_html/admin/vendor/laravel/framework/src/Illuminate/Filesystem/Filesystem.php(124): Illuminate\\Filesystem\\Filesystem::Illuminate\\Filesystem\\{closure}()
#4 /home/u844577645/domains/joxmako.com/public_html/admin/vendor/laravel/framework/src/Illuminate/View/Engines/PhpEngine.php(58): Illuminate\\Filesystem\\Filesystem->getRequire()
#5 /home/u844577645/domains/joxmako.com/public_html/admin/vendor/laravel/framework/src/Illuminate/View/Engines/CompilerEngine.php(72): Illuminate\\View\\Engines\\PhpEngine->evaluatePath()
#6 /home/u844577645/domains/joxmako.com/public_html/admin/vendor/laravel/framework/src/Illuminate/View/View.php(207): Illuminate\\View\\Engines\\CompilerEngine->get()
#7 /home/u844577645/domains/joxmako.com/public_html/admin/vendor/laravel/framework/src/Illuminate/View/View.php(190): Illuminate\\View\\View->getContents()
#8 /home/u844577645/domains/joxmako.com/public_html/admin/vendor/laravel/framework/src/Illuminate/View/View.php(159): Illuminate\\View\\View->renderContents()
#9 /home/u844577645/domains/joxmako.com/public_html/admin/storage/framework/views/0a2bd9d083b3024b0c33542497b84e3b.php(411): Illuminate\\View\\View->render()
#10 /home/u844577645/domains/joxmako.com/public_html/admin/vendor/laravel/framework/src/Illuminate/Filesystem/Filesystem.php(123): require('/home/u84457764...')
#11 /home/u844577645/domains/joxmako.com/public_html/admin/vendor/laravel/framework/src/Illuminate/Filesystem/Filesystem.php(124): Illuminate\\Filesystem\\Filesystem::Illuminate\\Filesystem\\{closure}()
#12 /home/u844577645/domains/joxmako.com/public_html/admin/vendor/laravel/framework/src/Illuminate/View/Engines/PhpEngine.php(58): Illuminate\\Filesystem\\Filesystem->getRequire()
#13 /home/u844577645/domains/joxmako.com/public_html/admin/vendor/laravel/framework/src/Illuminate/View/Engines/CompilerEngine.php(72): Illuminate\\View\\Engines\\PhpEngine->evaluatePath()
#14 /home/u844577645/domains/joxmako.com/public_html/admin/vendor/laravel/framework/src/Illuminate/View/View.php(207): Illuminate\\View\\Engines\\CompilerEngine->get()
#15 /home/u844577645/domains/joxmako.com/public_html/admin/vendor/laravel/framework/src/Illuminate/View/View.php(190): Illuminate\\View\\View->getContents()
#16 /home/u844577645/domains/joxmako.com/public_html/admin/vendor/laravel/framework/src/Illuminate/View/View.php(159): Illuminate\\View\\View->renderContents()
#17 /home/u844577645/domains/joxmako.com/public_html/admin/vendor/laravel/framework/src/Illuminate/Http/Response.php(69): Illuminate\\View\\View->render()
#18 /home/u844577645/domains/joxmako.com/public_html/admin/vendor/laravel/framework/src/Illuminate/Http/Response.php(35): Illuminate\\Http\\Response->setContent()
#19 /home/u844577645/domains/joxmako.com/public_html/admin/vendor/laravel/framework/src/Illuminate/Routing/Router.php(918): Illuminate\\Http\\Response->__construct()
#20 /home/u844577645/domains/joxmako.com/public_html/admin/vendor/laravel/framework/src/Illuminate/Routing/Router.php(885): Illuminate\\Routing\\Router::toResponse()
#21 /home/u844577645/domains/joxmako.com/public_html/admin/vendor/laravel/framework/src/Illuminate/Routing/Router.php(805): Illuminate\\Routing\\Router->prepareResponse()
#22 /home/u844577645/domains/joxmako.com/public_html/admin/vendor/laravel/framework/src/Illuminate/Pipeline/Pipeline.php(144): Illuminate\\Routing\\Router->Illuminate\\Routing\\{closure}()
#23 /home/u844577645/domains/joxmako.com/public_html/admin/app/Http/Middleware/PermissionMiddleware.php(40): Illuminate\\Pipeline\\Pipeline->Illuminate\\Pipeline\\{closure}()
#24 /home/u844577645/domains/joxmako.com/public_html/admin/vendor/laravel/framework/src/Illuminate/Pipeline/Pipeline.php(183): App\\Http\\Middleware\\PermissionMiddleware->handle()
#25 /home/u844577645/domains/joxmako.com/public_html/admin/app/Http/Middleware/CheckUserRoleMiddleware.php(34): Illuminate\\Pipeline\\Pipeline->Illuminate\\Pipeline\\{closure}()
#26 /home/u844577645/domains/joxmako.com/public_html/admin/vendor/laravel/framework/src/Illuminate/Pipeline/Pipeline.php(183): App\\Http\\Middleware\\CheckUserRoleMiddleware->handle()
#27 /home/u844577645/domains/joxmako.com/public_html/admin/app/Http/Middleware/LanguageManager.php(23): Illuminate\\Pipeline\\Pipeline->Illuminate\\Pipeline\\{closure}()
#28 /home/u844577645/domains/joxmako.com/public_html/admin/vendor/laravel/framework/src/Illuminate/Pipeline/Pipeline.php(183): App\\Http\\Middleware\\LanguageManager->handle()
#29 /home/u844577645/domains/joxmako.com/public_html/admin/vendor/laravel/framework/src/Illuminate/Routing/Middleware/SubstituteBindings.php(50): Illuminate\\Pipeline\\Pipeline->Illuminate\\Pipeline\\{closure}()
#30 /home/u844577645/domains/joxmako.com/public_html/admin/vendor/laravel/framework/src/Illuminate/Pipeline/Pipeline.php(183): Illuminate\\Routing\\Middleware\\SubstituteBindings->handle()
#31 /home/u844577645/domains/joxmako.com/public_html/admin/vendor/laravel/framework/src/Illuminate/Auth/Middleware/Authenticate.php(57): Illuminate\\Pipeline\\Pipeline->Illuminate\\Pipeline\\{closure}()
#32 /home/u844577645/domains/joxmako.com/public_html/admin/vendor/laravel/framework/src/Illuminate/Pipeline/Pipeline.php(183): Illuminate\\Auth\\Middleware\\Authenticate->handle()
#33 /home/u844577645/domains/joxmako.com/public_html/admin/vendor/laravel/framework/src/Illuminate/Foundation/Http/Middleware/VerifyCsrfToken.php(78): Illuminate\\Pipeline\\Pipeline->Illuminate\\Pipeline\\{closure}()
#34 /home/u844577645/domains/joxmako.com/public_html/admin/vendor/laravel/framework/src/Illuminate/Pipeline/Pipeline.php(183): Illuminate\\Foundation\\Http\\Middleware\\VerifyCsrfToken->handle()
#35 /home/u844577645/domains/joxmako.com/public_html/admin/vendor/laravel/framework/src/Illuminate/View/Middleware/ShareErrorsFromSession.php(49): Illuminate\\Pipeline\\Pipeline->Illuminate\\Pipeline\\{closure}()
#36 /home/u844577645/domains/joxmako.com/public_html/admin/vendor/laravel/framework/src/Illuminate/Pipeline/Pipeline.php(183): Illuminate\\View\\Middleware\\ShareErrorsFromSession->handle()
#37 /home/u844577645/domains/joxmako.com/public_html/admin/vendor/laravel/framework/src/Illuminate/Session/Middleware/StartSession.php(121): Illuminate\\Pipeline\\Pipeline->Illuminate\\Pipeline\\{closure}()
#38 /home/u844577645/domains/joxmako.com/public_html/admin/vendor/laravel/framework/src/Illuminate/Session/Middleware/StartSession.php(64): Illuminate\\Session\\Middleware\\StartSession->handleStatefulRequest()
#39 /home/u844577645/domains/joxmako.com/public_html/admin/vendor/laravel/framework/src/Illuminate/Pipeline/Pipeline.php(183): Illuminate\\Session\\Middleware\\StartSession->handle()
#40 /home/u844577645/domains/joxmako.com/public_html/admin/vendor/laravel/framework/src/Illuminate/Cookie/Middleware/AddQueuedCookiesToResponse.php(37): Illuminate\\Pipeline\\Pipeline->Illuminate\\Pipeline\\{closure}()
#41 /home/u844577645/domains/joxmako.com/public_html/admin/vendor/laravel/framework/src/Illuminate/Pipeline/Pipeline.php(183): Illuminate\\Cookie\\Middleware\\AddQueuedCookiesToResponse->handle()
#42 /home/u844577645/domains/joxmako.com/public_html/admin/vendor/laravel/framework/src/Illuminate/Cookie/Middleware/EncryptCookies.php(67): Illuminate\\Pipeline\\Pipeline->Illuminate\\Pipeline\\{closure}()
#43 /home/u844577645/domains/joxmako.com/public_html/admin/vendor/laravel/framework/src/Illuminate/Pipeline/Pipeline.php(183): Illuminate\\Cookie\\Middleware\\EncryptCookies->handle()
#44 /home/u844577645/domains/joxmako.com/public_html/admin/vendor/laravel/framework/src/Illuminate/Pipeline/Pipeline.php(119): Illuminate\\Pipeline\\Pipeline->Illuminate\\Pipeline\\{closure}()
#45 /home/u844577645/domains/joxmako.com/public_html/admin/vendor/laravel/framework/src/Illuminate/Routing/Router.php(805): Illuminate\\Pipeline\\Pipeline->then()
#46 /home/u844577645/domains/joxmako.com/public_html/admin/vendor/laravel/framework/src/Illuminate/Routing/Router.php(784): Illuminate\\Routing\\Router->runRouteWithinStack()
#47 /home/u844577645/domains/joxmako.com/public_html/admin/vendor/laravel/framework/src/Illuminate/Routing/Router.php(748): Illuminate\\Routing\\Router->runRoute()
#48 /home/u844577645/domains/joxmako.com/public_html/admin/vendor/laravel/framework/src/Illuminate/Routing/Router.php(737): Illuminate\\Routing\\Router->dispatchToRoute()
#49 /home/u844577645/domains/joxmako.com/public_html/admin/vendor/laravel/framework/src/Illuminate/Foundation/Http/Kernel.php(200): Illuminate\\Routing\\Router->dispatch()
#50 /home/u844577645/domains/joxmako.com/public_html/admin/vendor/laravel/framework/src/Illuminate/Pipeline/Pipeline.php(144): Illuminate\\Foundation\\Http\\Kernel->Illuminate\\Foundation\\Http\\{closure}()
#51 /home/u844577645/domains/joxmako.com/public_html/admin/vendor/laravel/framework/src/Illuminate/Foundation/Http/Middleware/TransformsRequest.php(21): Illuminate\\Pipeline\\Pipeline->Illuminate\\Pipeline\\{closure}()
#52 /home/u844577645/domains/joxmako.com/public_html/admin/vendor/laravel/framework/src/Illuminate/Foundation/Http/Middleware/ConvertEmptyStringsToNull.php(31): Illuminate\\Foundation\\Http\\Middleware\\TransformsRequest->handle()
#53 /home/u844577645/domains/joxmako.com/public_html/admin/vendor/laravel/framework/src/Illuminate/Pipeline/Pipeline.php(183): Illuminate\\Foundation\\Http\\Middleware\\ConvertEmptyStringsToNull->handle()
#54 /home/u844577645/domains/joxmako.com/public_html/admin/vendor/laravel/framework/src/Illuminate/Foundation/Http/Middleware/TransformsRequest.php(21): Illuminate\\Pipeline\\Pipeline->Illuminate\\Pipeline\\{closure}()
#55 /home/u844577645/domains/joxmako.com/public_html/admin/vendor/laravel/framework/src/Illuminate/Foundation/Http/Middleware/TrimStrings.php(40): Illuminate\\Foundation\\Http\\Middleware\\TransformsRequest->handle()
#56 /home/u844577645/domains/joxmako.com/public_html/admin/vendor/laravel/framework/src/Illuminate/Pipeline/Pipeline.php(183): Illuminate\\Foundation\\Http\\Middleware\\TrimStrings->handle()
#57 /home/u844577645/domains/joxmako.com/public_html/admin/vendor/laravel/framework/src/Illuminate/Foundation/Http/Middleware/ValidatePostSize.php(27): Illuminate\\Pipeline\\Pipeline->Illuminate\\Pipeline\\{closure}()
#58 /home/u844577645/domains/joxmako.com/public_html/admin/vendor/laravel/framework/src/Illuminate/Pipeline/Pipeline.php(183): Illuminate\\Foundation\\Http\\Middleware\\ValidatePostSize->handle()
#59 /home/u844577645/domains/joxmako.com/public_html/admin/vendor/laravel/framework/src/Illuminate/Foundation/Http/Middleware/PreventRequestsDuringMaintenance.php(99): Illuminate\\Pipeline\\Pipeline->Illuminate\\Pipeline\\{closure}()
#60 /home/u844577645/domains/joxmako.com/public_html/admin/vendor/laravel/framework/src/Illuminate/Pipeline/Pipeline.php(183): Illuminate\\Foundation\\Http\\Middleware\\PreventRequestsDuringMaintenance->handle()
#61 /home/u844577645/domains/joxmako.com/public_html/admin/vendor/laravel/framework/src/Illuminate/Http/Middleware/HandleCors.php(49): Illuminate\\Pipeline\\Pipeline->Illuminate\\Pipeline\\{closure}()
#62 /home/u844577645/domains/joxmako.com/public_html/admin/vendor/laravel/framework/src/Illuminate/Pipeline/Pipeline.php(183): Illuminate\\Http\\Middleware\\HandleCors->handle()
#63 /home/u844577645/domains/joxmako.com/public_html/admin/vendor/laravel/framework/src/Illuminate/Http/Middleware/TrustProxies.php(39): Illuminate\\Pipeline\\Pipeline->Illuminate\\Pipeline\\{closure}()
#64 /home/u844577645/domains/joxmako.com/public_html/admin/vendor/laravel/framework/src/Illuminate/Pipeline/Pipeline.php(183): Illuminate\\Http\\Middleware\\TrustProxies->handle()
#65 /home/u844577645/domains/joxmako.com/public_html/admin/vendor/laravel/framework/src/Illuminate/Pipeline/Pipeline.php(119): Illuminate\\Pipeline\\Pipeline->Illuminate\\Pipeline\\{closure}()
#66 /home/u844577645/domains/joxmako.com/public_html/admin/vendor/laravel/framework/src/Illuminate/Foundation/Http/Kernel.php(175): Illuminate\\Pipeline\\Pipeline->then()
#67 /home/u844577645/domains/joxmako.com/public_html/admin/vendor/laravel/framework/src/Illuminate/Foundation/Http/Kernel.php(144): Illuminate\\Foundation\\Http\\Kernel->sendRequestThroughRouter()
#68 /home/u844577645/domains/joxmako.com/public_html/admin/public/index.php(51): Illuminate\\Foundation\\Http\\Kernel->handle()
#69 {main}
"} 
[2026-05-16 23:08:12] production.ERROR: Route [ai.analyze-image-auto-fill] not defined. {"view":{"view":"/home/u844577645/domains/joxmako.com/public_html/admin/resources/views/layouts/ai_sidebar.blade.php","data":[]},"userId":1,"exception":"[object] (Spatie\\LaravelIgnition\\Exceptions\\ViewException(code: 0): Route [ai.analyze-image-auto-fill] not defined. at /home/u844577645/domains/joxmako.com/public_html/admin/vendor/laravel/framework/src/Illuminate/Routing/UrlGenerator.php:477)
[stacktrace]
#0 /home/u844577645/domains/joxmako.com/public_html/admin/vendor/laravel/framework/src/Illuminate/Foundation/helpers.php(811): Illuminate\\Routing\\UrlGenerator->route()
#1 /home/u844577645/domains/joxmako.com/public_html/admin/resources/views/layouts/ai_sidebar.blade.php(94): route()
#2 /home/u844577645/domains/joxmako.com/public_html/admin/vendor/laravel/framework/src/Illuminate/Filesystem/Filesystem.php(123): require('/home/u84457764...')
#3 /home/u844577645/domains/joxmako.com/public_html/admin/vendor/laravel/framework/src/Illuminate/Filesystem/Filesystem.php(124): Illuminate\\Filesystem\\Filesystem::Illuminate\\Filesystem\\{closure}()
#4 /home/u844577645/domains/joxmako.com/public_html/admin/vendor/laravel/framework/src/Illuminate/View/Engines/PhpEngine.php(58): Illuminate\\Filesystem\\Filesystem->getRequire()
#5 /home/u844577645/domains/joxmako.com/public_html/admin/vendor/laravel/framework/src/Illuminate/View/Engines/CompilerEngine.php(72): Illuminate\\View\\Engines\\PhpEngine->evaluatePath()
#6 /home/u844577645/domains/joxmako.com/public_html/admin/vendor/laravel/framework/src/Illuminate/View/View.php(207): Illuminate\\View\\Engines\\CompilerEngine->get()
#7 /home/u844577645/domains/joxmako.com/public_html/admin/vendor/laravel/framework/src/Illuminate/View/View.php(190): Illuminate\\View\\View->getContents()
#8 /home/u844577645/domains/joxmako.com/public_html/admin/vendor/laravel/framework/src/Illuminate/View/View.php(159): Illuminate\\View\\View->renderContents()
#9 /home/u844577645/domains/joxmako.com/public_html/admin/resources/views/items/create.blade.php(400): Illuminate\\View\\View->render()
#10 /home/u844577645/domains/joxmako.com/public_html/admin/vendor/laravel/framework/src/Illuminate/Filesystem/Filesystem.php(123): require('/home/u84457764...')
#11 /home/u844577645/domains/joxmako.com/public_html/admin/vendor/laravel/framework/src/Illuminate/Filesystem/Filesystem.php(124): Illuminate\\Filesystem\\Filesystem::Illuminate\\Filesystem\\{closure}()
#12 /home/u844577645/domains/joxmako.com/public_html/admin/vendor/laravel/framework/src/Illuminate/View/Engines/PhpEngine.php(58): Illuminate\\Filesystem\\Filesystem->getRequire()
#13 /home/u844577645/domains/joxmako.com/public_html/admin/vendor/laravel/framework/src/Illuminate/View/Engines/CompilerEngine.php(72): Illuminate\\View\\Engines\\PhpEngine->evaluatePath()
#14 /home/u844577645/domains/joxmako.com/public_html/admin/vendor/laravel/framework/src/Illuminate/View/View.php(207): Illuminate\\View\\Engines\\CompilerEngine->get()
#15 /home/u844577645/domains/joxmako.com/public_html/admin/vendor/laravel/framework/src/Illuminate/View/View.php(190): Illuminate\\View\\View->getContents()
#16 /home/u844577645/domains/joxmako.com/public_html/admin/vendor/laravel/framework/src/Illuminate/View/View.php(159): Illuminate\\View\\View->renderContents()
#17 /home/u844577645/domains/joxmako.com/public_html/admin/vendor/laravel/framework/src/Illuminate/Http/Response.php(69): Illuminate\\View\\View->render()
#18 /home/u844577645/domains/joxmako.com/public_html/admin/vendor/laravel/framework/src/Illuminate/Http/Response.php(35): Illuminate\\Http\\Response->setContent()
#19 /home/u844577645/domains/joxmako.com/public_html/admin/vendor/laravel/framework/src/Illuminate/Routing/Router.php(918): Illuminate\\Http\\Response->__construct()
#20 /home/u844577645/domains/joxmako.com/public_html/admin/vendor/laravel/framework/src/Illuminate/Routing/Router.php(885): Illuminate\\Routing\\Router::toResponse()
#21 /home/u844577645/domains/joxmako.com/public_html/admin/vendor/laravel/framework/src/Illuminate/Routing/Router.php(805): Illuminate\\Routing\\Router->prepareResponse()
#22 /home/u844577645/domains/joxmako.com/public_html/admin/vendor/laravel/framework/src/Illuminate/Pipeline/Pipeline.php(144): Illuminate\\Routing\\Router->Illuminate\\Routing\\{closure}()
#23 /home/u844577645/domains/joxmako.com/public_html/admin/app/Http/Middleware/PermissionMiddleware.php(40): Illuminate\\Pipeline\\Pipeline->Illuminate\\Pipeline\\{closure}()
#24 /home/u844577645/domains/joxmako.com/public_html/admin/vendor/laravel/framework/src/Illuminate/Pipeline/Pipeline.php(183): App\\Http\\Middleware\\PermissionMiddleware->handle()
#25 /home/u844577645/domains/joxmako.com/public_html/admin/app/Http/Middleware/CheckUserRoleMiddleware.php(34): Illuminate\\Pipeline\\Pipeline->Illuminate\\Pipeline\\{closure}()
#26 /home/u844577645/domains/joxmako.com/public_html/admin/vendor/laravel/framework/src/Illuminate/Pipeline/Pipeline.php(183): App\\Http\\Middleware\\CheckUserRoleMiddleware->handle()
#27 /home/u844577645/domains/joxmako.com/public_html/admin/app/Http/Middleware/LanguageManager.php(23): Illuminate\\Pipeline\\Pipeline->Illuminate\\Pipeline\\{closure}()
#28 /home/u844577645/domains/joxmako.com/public_html/admin/vendor/laravel/framework/src/Illuminate/Pipeline/Pipeline.php(183): App\\Http\\Middleware\\LanguageManager->handle()
#29 /home/u844577645/domains/joxmako.com/public_html/admin/vendor/laravel/framework/src/Illuminate/Routing/Middleware/SubstituteBindings.php(50): Illuminate\\Pipeline\\Pipeline->Illuminate\\Pipeline\\{closure}()
#30 /home/u844577645/domains/joxmako.com/public_html/admin/vendor/laravel/framework/src/Illuminate/Pipeline/Pipeline.php(183): Illuminate\\Routing\\Middleware\\SubstituteBindings->handle()
#31 /home/u844577645/domains/joxmako.com/public_html/admin/vendor/laravel/framework/src/Illuminate/Auth/Middleware/Authenticate.php(57): Illuminate\\Pipeline\\Pipeline->Illuminate\\Pipeline\\{closure}()
#32 /home/u844577645/domains/joxmako.com/public_html/admin/vendor/laravel/framework/src/Illuminate/Pipeline/Pipeline.php(183): Illuminate\\Auth\\Middleware\\Authenticate->handle()
#33 /home/u844577645/domains/joxmako.com/public_html/admin/vendor/laravel/framework/src/Illuminate/Foundation/Http/Middleware/VerifyCsrfToken.php(78): Illuminate\\Pipeline\\Pipeline->Illuminate\\Pipeline\\{closure}()
#34 /home/u844577645/domains/joxmako.com/public_html/admin/vendor/laravel/framework/src/Illuminate/Pipeline/Pipeline.php(183): Illuminate\\Foundation\\Http\\Middleware\\VerifyCsrfToken->handle()
#35 /home/u844577645/domains/joxmako.com/public_html/admin/vendor/laravel/framework/src/Illuminate/View/Middleware/ShareErrorsFromSession.php(49): Illuminate\\Pipeline\\Pipeline->Illuminate\\Pipeline\\{closure}()
#36 /home/u844577645/domains/joxmako.com/public_html/admin/vendor/laravel/framework/src/Illuminate/Pipeline/Pipeline.php(183): Illuminate\\View\\Middleware\\ShareErrorsFromSession->handle()
#37 /home/u844577645/domains/joxmako.com/public_html/admin/vendor/laravel/framework/src/Illuminate/Session/Middleware/StartSession.php(121): Illuminate\\Pipeline\\Pipeline->Illuminate\\Pipeline\\{closure}()
#38 /home/u844577645/domains/joxmako.com/public_html/admin/vendor/laravel/framework/src/Illuminate/Session/Middleware/StartSession.php(64): Illuminate\\Session\\Middleware\\StartSession->handleStatefulRequest()
#39 /home/u844577645/domains/joxmako.com/public_html/admin/vendor/laravel/framework/src/Illuminate/Pipeline/Pipeline.php(183): Illuminate\\Session\\Middleware\\StartSession->handle()
#40 /home/u844577645/domains/joxmako.com/public_html/admin/vendor/laravel/framework/src/Illuminate/Cookie/Middleware/AddQueuedCookiesToResponse.php(37): Illuminate\\Pipeline\\Pipeline->Illuminate\\Pipeline\\{closure}()
#41 /home/u844577645/domains/joxmako.com/public_html/admin/vendor/laravel/framework/src/Illuminate/Pipeline/Pipeline.php(183): Illuminate\\Cookie\\Middleware\\AddQueuedCookiesToResponse->handle()
#42 /home/u844577645/domains/joxmako.com/public_html/admin/vendor/laravel/framework/src/Illuminate/Cookie/Middleware/EncryptCookies.php(67): Illuminate\\Pipeline\\Pipeline->Illuminate\\Pipeline\\{closure}()
#43 /home/u844577645/domains/joxmako.com/public_html/admin/vendor/laravel/framework/src/Illuminate/Pipeline/Pipeline.php(183): Illuminate\\Cookie\\Middleware\\EncryptCookies->handle()
#44 /home/u844577645/domains/joxmako.com/public_html/admin/vendor/laravel/framework/src/Illuminate/Pipeline/Pipeline.php(119): Illuminate\\Pipeline\\Pipeline->Illuminate\\Pipeline\\{closure}()
#45 /home/u844577645/domains/joxmako.com/public_html/admin/vendor/laravel/framework/src/Illuminate/Routing/Router.php(805): Illuminate\\Pipeline\\Pipeline->then()
#46 /home/u844577645/domains/joxmako.com/public_html/admin/vendor/laravel/framework/src/Illuminate/Routing/Router.php(784): Illuminate\\Routing\\Router->runRouteWithinStack()
#47 /home/u844577645/domains/joxmako.com/public_html/admin/vendor/laravel/framework/src/Illuminate/Routing/Router.php(748): Illuminate\\Routing\\Router->runRoute()
#48 /home/u844577645/domains/joxmako.com/public_html/admin/vendor/laravel/framework/src/Illuminate/Routing/Router.php(737): Illuminate\\Routing\\Router->dispatchToRoute()
#49 /home/u844577645/domains/joxmako.com/public_html/admin/vendor/laravel/framework/src/Illuminate/Foundation/Http/Kernel.php(200): Illuminate\\Routing\\Router->dispatch()
#50 /home/u844577645/domains/joxmako.com/public_html/admin/vendor/laravel/framework/src/Illuminate/Pipeline/Pipeline.php(144): Illuminate\\Foundation\\Http\\Kernel->Illuminate\\Foundation\\Http\\{closure}()
#51 /home/u844577645/domains/joxmako.com/public_html/admin/vendor/laravel/framework/src/Illuminate/Foundation/Http/Middleware/TransformsRequest.php(21): Illuminate\\Pipeline\\Pipeline->Illuminate\\Pipeline\\{closure}()
#52 /home/u844577645/domains/joxmako.com/public_html/admin/vendor/laravel/framework/src/Illuminate/Foundation/Http/Middleware/ConvertEmptyStringsToNull.php(31): Illuminate\\Foundation\\Http\\Middleware\\TransformsRequest->handle()
#53 /home/u844577645/domains/joxmako.com/public_html/admin/vendor/laravel/framework/src/Illuminate/Pipeline/Pipeline.php(183): Illuminate\\Foundation\\Http\\Middleware\\ConvertEmptyStringsToNull->handle()
#54 /home/u844577645/domains/joxmako.com/public_html/admin/vendor/laravel/framework/src/Illuminate/Foundation/Http/Middleware/TransformsRequest.php(21): Illuminate\\Pipeline\\Pipeline->Illuminate\\Pipeline\\{closure}()
#55 /home/u844577645/domains/joxmako.com/public_html/admin/vendor/laravel/framework/src/Illuminate/Foundation/Http/Middleware/TrimStrings.php(40): Illuminate\\Foundation\\Http\\Middleware\\TransformsRequest->handle()
#56 /home/u844577645/domains/joxmako.com/public_html/admin/vendor/laravel/framework/src/Illuminate/Pipeline/Pipeline.php(183): Illuminate\\Foundation\\Http\\Middleware\\TrimStrings->handle()
#57 /home/u844577645/domains/joxmako.com/public_html/admin/vendor/laravel/framework/src/Illuminate/Foundation/Http/Middleware/ValidatePostSize.php(27): Illuminate\\Pipeline\\Pipeline->Illuminate\\Pipeline\\{closure}()
#58 /home/u844577645/domains/joxmako.com/public_html/admin/vendor/laravel/framework/src/Illuminate/Pipeline/Pipeline.php(183): Illuminate\\Foundation\\Http\\Middleware\\ValidatePostSize->handle()
#59 /home/u844577645/domains/joxmako.com/public_html/admin/vendor/laravel/framework/src/Illuminate/Foundation/Http/Middleware/PreventRequestsDuringMaintenance.php(99): Illuminate\\Pipeline\\Pipeline->Illuminate\\Pipeline\\{closure}()
#60 /home/u844577645/domains/joxmako.com/public_html/admin/vendor/laravel/framework/src/Illuminate/Pipeline/Pipeline.php(183): Illuminate\\Foundation\\Http\\Middleware\\PreventRequestsDuringMaintenance->handle()
#61 /home/u844577645/domains/joxmako.com/public_html/admin/vendor/laravel/framework/src/Illuminate/Http/Middleware/HandleCors.php(49): Illuminate\\Pipeline\\Pipeline->Illuminate\\Pipeline\\{closure}()
#62 /home/u844577645/domains/joxmako.com/public_html/admin/vendor/laravel/framework/src/Illuminate/Pipeline/Pipeline.php(183): Illuminate\\Http\\Middleware\\HandleCors->handle()
#63 /home/u844577645/domains/joxmako.com/public_html/admin/vendor/laravel/framework/src/Illuminate/Http/Middleware/TrustProxies.php(39): Illuminate\\Pipeline\\Pipeline->Illuminate\\Pipeline\\{closure}()
#64 /home/u844577645/domains/joxmako.com/public_html/admin/vendor/laravel/framework/src/Illuminate/Pipeline/Pipeline.php(183): Illuminate\\Http\\Middleware\\TrustProxies->handle()
#65 /home/u844577645/domains/joxmako.com/public_html/admin/vendor/laravel/framework/src/Illuminate/Pipeline/Pipeline.php(119): Illuminate\\Pipeline\\Pipeline->Illuminate\\Pipeline\\{closure}()
#66 /home/u844577645/domains/joxmako.com/public_html/admin/vendor/laravel/framework/src/Illuminate/Foundation/Http/Kernel.php(175): Illuminate\\Pipeline\\Pipeline->then()
#67 /home/u844577645/domains/joxmako.com/public_html/admin/vendor/laravel/framework/src/Illuminate/Foundation/Http/Kernel.php(144): Illuminate\\Foundation\\Http\\Kernel->sendRequestThroughRouter()
#68 /home/u844577645/domains/joxmako.com/public_html/admin/public/index.php(51): Illuminate\\Foundation\\Http\\Kernel->handle()
#69 {main}

[previous exception] [object] (Symfony\\Component\\Routing\\Exception\\RouteNotFoundException(code: 0): Route [ai.analyze-image-auto-fill] not defined. at /home/u844577645/domains/joxmako.com/public_html/admin/vendor/laravel/framework/src/Illuminate/Routing/UrlGenerator.php:477)
[stacktrace]
#0 /home/u844577645/domains/joxmako.com/public_html/admin/vendor/laravel/framework/src/Illuminate/Foundation/helpers.php(811): Illuminate\\Routing\\UrlGenerator->route()
#1 /home/u844577645/domains/joxmako.com/public_html/admin/storage/framework/views/b62a6a39a536812d413aadf9f780538c.php(97): route()
#2 /home/u844577645/domains/joxmako.com/public_html/admin/vendor/laravel/framework/src/Illuminate/Filesystem/Filesystem.php(123): require('/home/u84457764...')
#3 /home/u844577645/domains/joxmako.com/public_html/admin/vendor/laravel/framework/src/Illuminate/Filesystem/Filesystem.php(124): Illuminate\\Filesystem\\Filesystem::Illuminate\\Filesystem\\{closure}()
#4 /home/u844577645/domains/joxmako.com/public_html/admin/vendor/laravel/framework/src/Illuminate/View/Engines/PhpEngine.php(58): Illuminate\\Filesystem\\Filesystem->getRequire()
#5 /home/u844577645/domains/joxmako.com/public_html/admin/vendor/laravel/framework/src/Illuminate/View/Engines/CompilerEngine.php(72): Illuminate\\View\\Engines\\PhpEngine->evaluatePath()
#6 /home/u844577645/domains/joxmako.com/public_html/admin/vendor/laravel/framework/src/Illuminate/View/View.php(207): Illuminate\\View\\Engines\\CompilerEngine->get()
#7 /home/u844577645/domains/joxmako.com/public_html/admin/vendor/laravel/framework/src/Illuminate/View/View.php(190): Illuminate\\View\\View->getContents()
#8 /home/u844577645/domains/joxmako.com/public_html/admin/vendor/laravel/framework/src/Illuminate/View/View.php(159): Illuminate\\View\\View->renderContents()
#9 /home/u844577645/domains/joxmako.com/public_html/admin/storage/framework/views/0a2bd9d083b3024b0c33542497b84e3b.php(411): Illuminate\\View\\View->render()
#10 /home/u844577645/domains/joxmako.com/public_html/admin/vendor/laravel/framework/src/Illuminate/Filesystem/Filesystem.php(123): require('/home/u84457764...')
#11 /home/u844577645/domains/joxmako.com/public_html/admin/vendor/laravel/framework/src/Illuminate/Filesystem/Filesystem.php(124): Illuminate\\Filesystem\\Filesystem::Illuminate\\Filesystem\\{closure}()
#12 /home/u844577645/domains/joxmako.com/public_html/admin/vendor/laravel/framework/src/Illuminate/View/Engines/PhpEngine.php(58): Illuminate\\Filesystem\\Filesystem->getRequire()
#13 /home/u844577645/domains/joxmako.com/public_html/admin/vendor/laravel/framework/src/Illuminate/View/Engines/CompilerEngine.php(72): Illuminate\\View\\Engines\\PhpEngine->evaluatePath()
#14 /home/u844577645/domains/joxmako.com/public_html/admin/vendor/laravel/framework/src/Illuminate/View/View.php(207): Illuminate\\View\\Engines\\CompilerEngine->get()
#15 /home/u844577645/domains/joxmako.com/public_html/admin/vendor/laravel/framework/src/Illuminate/View/View.php(190): Illuminate\\View\\View->getContents()
#16 /home/u844577645/domains/joxmako.com/public_html/admin/vendor/laravel/framework/src/Illuminate/View/View.php(159): Illuminate\\View\\View->renderContents()
#17 /home/u844577645/domains/joxmako.com/public_html/admin/vendor/laravel/framework/src/Illuminate/Http/Response.php(69): Illuminate\\View\\View->render()
#18 /home/u844577645/domains/joxmako.com/public_html/admin/vendor/laravel/framework/src/Illuminate/Http/Response.php(35): Illuminate\\Http\\Response->setContent()
#19 /home/u844577645/domains/joxmako.com/public_html/admin/vendor/laravel/framework/src/Illuminate/Routing/Router.php(918): Illuminate\\Http\\Response->__construct()
#20 /home/u844577645/domains/joxmako.com/public_html/admin/vendor/laravel/framework/src/Illuminate/Routing/Router.php(885): Illuminate\\Routing\\Router::toResponse()
#21 /home/u844577645/domains/joxmako.com/public_html/admin/vendor/laravel/framework/src/Illuminate/Routing/Router.php(805): Illuminate\\Routing\\Router->prepareResponse()
#22 /home/u844577645/domains/joxmako.com/public_html/admin/vendor/laravel/framework/src/Illuminate/Pipeline/Pipeline.php(144): Illuminate\\Routing\\Router->Illuminate\\Routing\\{closure}()
#23 /home/u844577645/domains/joxmako.com/public_html/admin/app/Http/Middleware/PermissionMiddleware.php(40): Illuminate\\Pipeline\\Pipeline->Illuminate\\Pipeline\\{closure}()
#24 /home/u844577645/domains/joxmako.com/public_html/admin/vendor/laravel/framework/src/Illuminate/Pipeline/Pipeline.php(183): App\\Http\\Middleware\\PermissionMiddleware->handle()
#25 /home/u844577645/domains/joxmako.com/public_html/admin/app/Http/Middleware/CheckUserRoleMiddleware.php(34): Illuminate\\Pipeline\\Pipeline->Illuminate\\Pipeline\\{closure}()
#26 /home/u844577645/domains/joxmako.com/public_html/admin/vendor/laravel/framework/src/Illuminate/Pipeline/Pipeline.php(183): App\\Http\\Middleware\\CheckUserRoleMiddleware->handle()
#27 /home/u844577645/domains/joxmako.com/public_html/admin/app/Http/Middleware/LanguageManager.php(23): Illuminate\\Pipeline\\Pipeline->Illuminate\\Pipeline\\{closure}()
#28 /home/u844577645/domains/joxmako.com/public_html/admin/vendor/laravel/framework/src/Illuminate/Pipeline/Pipeline.php(183): App\\Http\\Middleware\\LanguageManager->handle()
#29 /home/u844577645/domains/joxmako.com/public_html/admin/vendor/laravel/framework/src/Illuminate/Routing/Middleware/SubstituteBindings.php(50): Illuminate\\Pipeline\\Pipeline->Illuminate\\Pipeline\\{closure}()
#30 /home/u844577645/domains/joxmako.com/public_html/admin/vendor/laravel/framework/src/Illuminate/Pipeline/Pipeline.php(183): Illuminate\\Routing\\Middleware\\SubstituteBindings->handle()
#31 /home/u844577645/domains/joxmako.com/public_html/admin/vendor/laravel/framework/src/Illuminate/Auth/Middleware/Authenticate.php(57): Illuminate\\Pipeline\\Pipeline->Illuminate\\Pipeline\\{closure}()
#32 /home/u844577645/domains/joxmako.com/public_html/admin/vendor/laravel/framework/src/Illuminate/Pipeline/Pipeline.php(183): Illuminate\\Auth\\Middleware\\Authenticate->handle()
#33 /home/u844577645/domains/joxmako.com/public_html/admin/vendor/laravel/framework/src/Illuminate/Foundation/Http/Middleware/VerifyCsrfToken.php(78): Illuminate\\Pipeline\\Pipeline->Illuminate\\Pipeline\\{closure}()
#34 /home/u844577645/domains/joxmako.com/public_html/admin/vendor/laravel/framework/src/Illuminate/Pipeline/Pipeline.php(183): Illuminate\\Foundation\\Http\\Middleware\\VerifyCsrfToken->handle()
#35 /home/u844577645/domains/joxmako.com/public_html/admin/vendor/laravel/framework/src/Illuminate/View/Middleware/ShareErrorsFromSession.php(49): Illuminate\\Pipeline\\Pipeline->Illuminate\\Pipeline\\{closure}()
#36 /home/u844577645/domains/joxmako.com/public_html/admin/vendor/laravel/framework/src/Illuminate/Pipeline/Pipeline.php(183): Illuminate\\View\\Middleware\\ShareErrorsFromSession->handle()
#37 /home/u844577645/domains/joxmako.com/public_html/admin/vendor/laravel/framework/src/Illuminate/Session/Middleware/StartSession.php(121): Illuminate\\Pipeline\\Pipeline->Illuminate\\Pipeline\\{closure}()
#38 /home/u844577645/domains/joxmako.com/public_html/admin/vendor/laravel/framework/src/Illuminate/Session/Middleware/StartSession.php(64): Illuminate\\Session\\Middleware\\StartSession->handleStatefulRequest()
#39 /home/u844577645/domains/joxmako.com/public_html/admin/vendor/laravel/framework/src/Illuminate/Pipeline/Pipeline.php(183): Illuminate\\Session\\Middleware\\StartSession->handle()
#40 /home/u844577645/domains/joxmako.com/public_html/admin/vendor/laravel/framework/src/Illuminate/Cookie/Middleware/AddQueuedCookiesToResponse.php(37): Illuminate\\Pipeline\\Pipeline->Illuminate\\Pipeline\\{closure}()
#41 /home/u844577645/domains/joxmako.com/public_html/admin/vendor/laravel/framework/src/Illuminate/Pipeline/Pipeline.php(183): Illuminate\\Cookie\\Middleware\\AddQueuedCookiesToResponse->handle()
#42 /home/u844577645/domains/joxmako.com/public_html/admin/vendor/laravel/framework/src/Illuminate/Cookie/Middleware/EncryptCookies.php(67): Illuminate\\Pipeline\\Pipeline->Illuminate\\Pipeline\\{closure}()
#43 /home/u844577645/domains/joxmako.com/public_html/admin/vendor/laravel/framework/src/Illuminate/Pipeline/Pipeline.php(183): Illuminate\\Cookie\\Middleware\\EncryptCookies->handle()
#44 /home/u844577645/domains/joxmako.com/public_html/admin/vendor/laravel/framework/src/Illuminate/Pipeline/Pipeline.php(119): Illuminate\\Pipeline\\Pipeline->Illuminate\\Pipeline\\{closure}()
#45 /home/u844577645/domains/joxmako.com/public_html/admin/vendor/laravel/framework/src/Illuminate/Routing/Router.php(805): Illuminate\\Pipeline\\Pipeline->then()
#46 /home/u844577645/domains/joxmako.com/public_html/admin/vendor/laravel/framework/src/Illuminate/Routing/Router.php(784): Illuminate\\Routing\\Router->runRouteWithinStack()
#47 /home/u844577645/domains/joxmako.com/public_html/admin/vendor/laravel/framework/src/Illuminate/Routing/Router.php(748): Illuminate\\Routing\\Router->runRoute()
#48 /home/u844577645/domains/joxmako.com/public_html/admin/vendor/laravel/framework/src/Illuminate/Routing/Router.php(737): Illuminate\\Routing\\Router->dispatchToRoute()
#49 /home/u844577645/domains/joxmako.com/public_html/admin/vendor/laravel/framework/src/Illuminate/Foundation/Http/Kernel.php(200): Illuminate\\Routing\\Router->dispatch()
#50 /home/u844577645/domains/joxmako.com/public_html/admin/vendor/laravel/framework/src/Illuminate/Pipeline/Pipeline.php(144): Illuminate\\Foundation\\Http\\Kernel->Illuminate\\Foundation\\Http\\{closure}()
#51 /home/u844577645/domains/joxmako.com/public_html/admin/vendor/laravel/framework/src/Illuminate/Foundation/Http/Middleware/TransformsRequest.php(21): Illuminate\\Pipeline\\Pipeline->Illuminate\\Pipeline\\{closure}()
#52 /home/u844577645/domains/joxmako.com/public_html/admin/vendor/laravel/framework/src/Illuminate/Foundation/Http/Middleware/ConvertEmptyStringsToNull.php(31): Illuminate\\Foundation\\Http\\Middleware\\TransformsRequest->handle()
#53 /home/u844577645/domains/joxmako.com/public_html/admin/vendor/laravel/framework/src/Illuminate/Pipeline/Pipeline.php(183): Illuminate\\Foundation\\Http\\Middleware\\ConvertEmptyStringsToNull->handle()
#54 /home/u844577645/domains/joxmako.com/public_html/admin/vendor/laravel/framework/src/Illuminate/Foundation/Http/Middleware/TransformsRequest.php(21): Illuminate\\Pipeline\\Pipeline->Illuminate\\Pipeline\\{closure}()
#55 /home/u844577645/domains/joxmako.com/public_html/admin/vendor/laravel/framework/src/Illuminate/Foundation/Http/Middleware/TrimStrings.php(40): Illuminate\\Foundation\\Http\\Middleware\\TransformsRequest->handle()
#56 /home/u844577645/domains/joxmako.com/public_html/admin/vendor/laravel/framework/src/Illuminate/Pipeline/Pipeline.php(183): Illuminate\\Foundation\\Http\\Middleware\\TrimStrings->handle()
#57 /home/u844577645/domains/joxmako.com/public_html/admin/vendor/laravel/framework/src/Illuminate/Foundation/Http/Middleware/ValidatePostSize.php(27): Illuminate\\Pipeline\\Pipeline->Illuminate\\Pipeline\\{closure}()
#58 /home/u844577645/domains/joxmako.com/public_html/admin/vendor/laravel/framework/src/Illuminate/Pipeline/Pipeline.php(183): Illuminate\\Foundation\\Http\\Middleware\\ValidatePostSize->handle()
#59 /home/u844577645/domains/joxmako.com/public_html/admin/vendor/laravel/framework/src/Illuminate/Foundation/Http/Middleware/PreventRequestsDuringMaintenance.php(99): Illuminate\\Pipeline\\Pipeline->Illuminate\\Pipeline\\{closure}()
#60 /home/u844577645/domains/joxmako.com/public_html/admin/vendor/laravel/framework/src/Illuminate/Pipeline/Pipeline.php(183): Illuminate\\Foundation\\Http\\Middleware\\PreventRequestsDuringMaintenance->handle()
#61 /home/u844577645/domains/joxmako.com/public_html/admin/vendor/laravel/framework/src/Illuminate/Http/Middleware/HandleCors.php(49): Illuminate\\Pipeline\\Pipeline->Illuminate\\Pipeline\\{closure}()
#62 /home/u844577645/domains/joxmako.com/public_html/admin/vendor/laravel/framework/src/Illuminate/Pipeline/Pipeline.php(183): Illuminate\\Http\\Middleware\\HandleCors->handle()
#63 /home/u844577645/domains/joxmako.com/public_html/admin/vendor/laravel/framework/src/Illuminate/Http/Middleware/TrustProxies.php(39): Illuminate\\Pipeline\\Pipeline->Illuminate\\Pipeline\\{closure}()
#64 /home/u844577645/domains/joxmako.com/public_html/admin/vendor/laravel/framework/src/Illuminate/Pipeline/Pipeline.php(183): Illuminate\\Http\\Middleware\\TrustProxies->handle()
#65 /home/u844577645/domains/joxmako.com/public_html/admin/vendor/laravel/framework/src/Illuminate/Pipeline/Pipeline.php(119): Illuminate\\Pipeline\\Pipeline->Illuminate\\Pipeline\\{closure}()
#66 /home/u844577645/domains/joxmako.com/public_html/admin/vendor/laravel/framework/src/Illuminate/Foundation/Http/Kernel.php(175): Illuminate\\Pipeline\\Pipeline->then()
#67 /home/u844577645/domains/joxmako.com/public_html/admin/vendor/laravel/framework/src/Illuminate/Foundation/Http/Kernel.php(144): Illuminate\\Foundation\\Http\\Kernel->sendRequestThroughRouter()
#68 /home/u844577645/domains/joxmako.com/public_html/admin/public/index.php(51): Illuminate\\Foundation\\Http\\Kernel->handle()
#69 {main}
"} 
[2026-05-17 17:54:37] production.ERROR: Undefined array key "order" {"userId":1,"exception":"[object] (ErrorException(code: 0): Undefined array key \"order\" at /home/u844577645/domains/joxmako.com/public_html/admin/app/Http/Controllers/ProductController.php:102)
[stacktrace]
#0 /home/u844577645/domains/joxmako.com/public_html/admin/vendor/laravel/framework/src/Illuminate/Foundation/Bootstrap/HandleExceptions.php(255): Illuminate\\Foundation\\Bootstrap\\HandleExceptions->handleError()
#1 /home/u844577645/domains/joxmako.com/public_html/admin/app/Http/Controllers/ProductController.php(102): Illuminate\\Foundation\\Bootstrap\\HandleExceptions->Illuminate\\Foundation\\Bootstrap\\{closure}()
#2 /home/u844577645/domains/joxmako.com/public_html/admin/vendor/laravel/framework/src/Illuminate/Routing/Controller.php(54): App\\Http\\Controllers\\ProductController->addToCart()
#3 /home/u844577645/domains/joxmako.com/public_html/admin/vendor/laravel/framework/src/Illuminate/Routing/ControllerDispatcher.php(43): Illuminate\\Routing\\Controller->callAction()
#4 /home/u844577645/domains/joxmako.com/public_html/admin/vendor/laravel/framework/src/Illuminate/Routing/Route.php(259): Illuminate\\Routing\\ControllerDispatcher->dispatch()
#5 /home/u844577645/domains/joxmako.com/public_html/admin/vendor/laravel/framework/src/Illuminate/Routing/Route.php(205): Illuminate\\Routing\\Route->runController()
#6 /home/u844577645/domains/joxmako.com/public_html/admin/vendor/laravel/framework/src/Illuminate/Routing/Router.php(806): Illuminate\\Routing\\Route->run()
#7 /home/u844577645/domains/joxmako.com/public_html/admin/vendor/laravel/framework/src/Illuminate/Pipeline/Pipeline.php(144): Illuminate\\Routing\\Router->Illuminate\\Routing\\{closure}()
#8 /home/u844577645/domains/joxmako.com/public_html/admin/app/Http/Middleware/CheckUserRoleMiddleware.php(34): Illuminate\\Pipeline\\Pipeline->Illuminate\\Pipeline\\{closure}()
#9 /home/u844577645/domains/joxmako.com/public_html/admin/vendor/laravel/framework/src/Illuminate/Pipeline/Pipeline.php(183): App\\Http\\Middleware\\CheckUserRoleMiddleware->handle()
#10 /home/u844577645/domains/joxmako.com/public_html/admin/app/Http/Middleware/LanguageManager.php(23): Illuminate\\Pipeline\\Pipeline->Illuminate\\Pipeline\\{closure}()
#11 /home/u844577645/domains/joxmako.com/public_html/admin/vendor/laravel/framework/src/Illuminate/Pipeline/Pipeline.php(183): App\\Http\\Middleware\\LanguageManager->handle()
#12 /home/u844577645/domains/joxmako.com/public_html/admin/vendor/laravel/framework/src/Illuminate/Routing/Middleware/SubstituteBindings.php(50): Illuminate\\Pipeline\\Pipeline->Illuminate\\Pipeline\\{closure}()
#13 /home/u844577645/domains/joxmako.com/public_html/admin/vendor/laravel/framework/src/Illuminate/Pipeline/Pipeline.php(183): Illuminate\\Routing\\Middleware\\SubstituteBindings->handle()
#14 /home/u844577645/domains/joxmako.com/public_html/admin/vendor/laravel/framework/src/Illuminate/Auth/Middleware/Authenticate.php(57): Illuminate\\Pipeline\\Pipeline->Illuminate\\Pipeline\\{closure}()
#15 /home/u844577645/domains/joxmako.com/public_html/admin/vendor/laravel/framework/src/Illuminate/Pipeline/Pipeline.php(183): Illuminate\\Auth\\Middleware\\Authenticate->handle()
#16 /home/u844577645/domains/joxmako.com/public_html/admin/vendor/laravel/framework/src/Illuminate/Foundation/Http/Middleware/VerifyCsrfToken.php(78): Illuminate\\Pipeline\\Pipeline->Illuminate\\Pipeline\\{closure}()
#17 /home/u844577645/domains/joxmako.com/public_html/admin/vendor/laravel/framework/src/Illuminate/Pipeline/Pipeline.php(183): Illuminate\\Foundation\\Http\\Middleware\\VerifyCsrfToken->handle()
#18 /home/u844577645/domains/joxmako.com/public_html/admin/vendor/laravel/framework/src/Illuminate/View/Middleware/ShareErrorsFromSession.php(49): Illuminate\\Pipeline\\Pipeline->Illuminate\\Pipeline\\{closure}()
#19 /home/u844577645/domains/joxmako.com/public_html/admin/vendor/laravel/framework/src/Illuminate/Pipeline/Pipeline.php(183): Illuminate\\View\\Middleware\\ShareErrorsFromSession->handle()
#20 /home/u844577645/domains/joxmako.com/public_html/admin/vendor/laravel/framework/src/Illuminate/Session/Middleware/StartSession.php(121): Illuminate\\Pipeline\\Pipeline->Illuminate\\Pipeline\\{closure}()
#21 /home/u844577645/domains/joxmako.com/public_html/admin/vendor/laravel/framework/src/Illuminate/Session/Middleware/StartSession.php(64): Illuminate\\Session\\Middleware\\StartSession->handleStatefulRequest()
#22 /home/u844577645/domains/joxmako.com/public_html/admin/vendor/laravel/framework/src/Illuminate/Pipeline/Pipeline.php(183): Illuminate\\Session\\Middleware\\StartSession->handle()
#23 /home/u844577645/domains/joxmako.com/public_html/admin/vendor/laravel/framework/src/Illuminate/Cookie/Middleware/AddQueuedCookiesToResponse.php(37): Illuminate\\Pipeline\\Pipeline->Illuminate\\Pipeline\\{closure}()
#24 /home/u844577645/domains/joxmako.com/public_html/admin/vendor/laravel/framework/src/Illuminate/Pipeline/Pipeline.php(183): Illuminate\\Cookie\\Middleware\\AddQueuedCookiesToResponse->handle()
#25 /home/u844577645/domains/joxmako.com/public_html/admin/vendor/laravel/framework/src/Illuminate/Cookie/Middleware/EncryptCookies.php(67): Illuminate\\Pipeline\\Pipeline->Illuminate\\Pipeline\\{closure}()
#26 /home/u844577645/domains/joxmako.com/public_html/admin/vendor/laravel/framework/src/Illuminate/Pipeline/Pipeline.php(183): Illuminate\\Cookie\\Middleware\\EncryptCookies->handle()
#27 /home/u844577645/domains/joxmako.com/public_html/admin/vendor/laravel/framework/src/Illuminate/Pipeline/Pipeline.php(119): Illuminate\\Pipeline\\Pipeline->Illuminate\\Pipeline\\{closure}()
#28 /home/u844577645/domains/joxmako.com/public_html/admin/vendor/laravel/framework/src/Illuminate/Routing/Router.php(805): Illuminate\\Pipeline\\Pipeline->then()
#29 /home/u844577645/domains/joxmako.com/public_html/admin/vendor/laravel/framework/src/Illuminate/Routing/Router.php(784): Illuminate\\Routing\\Router->runRouteWithinStack()
#30 /home/u844577645/domains/joxmako.com/public_html/admin/vendor/laravel/framework/src/Illuminate/Routing/Router.php(748): Illuminate\\Routing\\Router->runRoute()
#31 /home/u844577645/domains/joxmako.com/public_html/admin/vendor/laravel/framework/src/Illuminate/Routing/Router.php(737): Illuminate\\Routing\\Router->dispatchToRoute()
#32 /home/u844577645/domains/joxmako.com/public_html/admin/vendor/laravel/framework/src/Illuminate/Foundation/Http/Kernel.php(200): Illuminate\\Routing\\Router->dispatch()
#33 /home/u844577645/domains/joxmako.com/public_html/admin/vendor/laravel/framework/src/Illuminate/Pipeline/Pipeline.php(144): Illuminate\\Foundation\\Http\\Kernel->Illuminate\\Foundation\\Http\\{closure}()
#34 /home/u844577645/domains/joxmako.com/public_html/admin/vendor/laravel/framework/src/Illuminate/Foundation/Http/Middleware/TransformsRequest.php(21): Illuminate\\Pipeline\\Pipeline->Illuminate\\Pipeline\\{closure}()
#35 /home/u844577645/domains/joxmako.com/public_html/admin/vendor/laravel/framework/src/Illuminate/Foundation/Http/Middleware/ConvertEmptyStringsToNull.php(31): Illuminate\\Foundation\\Http\\Middleware\\TransformsRequest->handle()
#36 /home/u844577645/domains/joxmako.com/public_html/admin/vendor/laravel/framework/src/Illuminate/Pipeline/Pipeline.php(183): Illuminate\\Foundation\\Http\\Middleware\\ConvertEmptyStringsToNull->handle()
#37 /home/u844577645/domains/joxmako.com/public_html/admin/vendor/laravel/framework/src/Illuminate/Foundation/Http/Middleware/TransformsRequest.php(21): Illuminate\\Pipeline\\Pipeline->Illuminate\\Pipeline\\{closure}()
#38 /home/u844577645/domains/joxmako.com/public_html/admin/vendor/laravel/framework/src/Illuminate/Foundation/Http/Middleware/TrimStrings.php(40): Illuminate\\Foundation\\Http\\Middleware\\TransformsRequest->handle()
#39 /home/u844577645/domains/joxmako.com/public_html/admin/vendor/laravel/framework/src/Illuminate/Pipeline/Pipeline.php(183): Illuminate\\Foundation\\Http\\Middleware\\TrimStrings->handle()
#40 /home/u844577645/domains/joxmako.com/public_html/admin/vendor/laravel/framework/src/Illuminate/Foundation/Http/Middleware/ValidatePostSize.php(27): Illuminate\\Pipeline\\Pipeline->Illuminate\\Pipeline\\{closure}()
#41 /home/u844577645/domains/joxmako.com/public_html/admin/vendor/laravel/framework/src/Illuminate/Pipeline/Pipeline.php(183): Illuminate\\Foundation\\Http\\Middleware\\ValidatePostSize->handle()
#42 /home/u844577645/domains/joxmako.com/public_html/admin/vendor/laravel/framework/src/Illuminate/Foundation/Http/Middleware/PreventRequestsDuringMaintenance.php(99): Illuminate\\Pipeline\\Pipeline->Illuminate\\Pipeline\\{closure}()
#43 /home/u844577645/domains/joxmako.com/public_html/admin/vendor/laravel/framework/src/Illuminate/Pipeline/Pipeline.php(183): Illuminate\\Foundation\\Http\\Middleware\\PreventRequestsDuringMaintenance->handle()
#44 /home/u844577645/domains/joxmako.com/public_html/admin/vendor/laravel/framework/src/Illuminate/Http/Middleware/HandleCors.php(49): Illuminate\\Pipeline\\Pipeline->Illuminate\\Pipeline\\{closure}()
#45 /home/u844577645/domains/joxmako.com/public_html/admin/vendor/laravel/framework/src/Illuminate/Pipeline/Pipeline.php(183): Illuminate\\Http\\Middleware\\HandleCors->handle()
#46 /home/u844577645/domains/joxmako.com/public_html/admin/vendor/laravel/framework/src/Illuminate/Http/Middleware/TrustProxies.php(39): Illuminate\\Pipeline\\Pipeline->Illuminate\\Pipeline\\{closure}()
#47 /home/u844577645/domains/joxmako.com/public_html/admin/vendor/laravel/framework/src/Illuminate/Pipeline/Pipeline.php(183): Illuminate\\Http\\Middleware\\TrustProxies->handle()
#48 /home/u844577645/domains/joxmako.com/public_html/admin/vendor/laravel/framework/src/Illuminate/Pipeline/Pipeline.php(119): Illuminate\\Pipeline\\Pipeline->Illuminate\\Pipeline\\{closure}()
#49 /home/u844577645/domains/joxmako.com/public_html/admin/vendor/laravel/framework/src/Illuminate/Foundation/Http/Kernel.php(175): Illuminate\\Pipeline\\Pipeline->then()
#50 /home/u844577645/domains/joxmako.com/public_html/admin/vendor/laravel/framework/src/Illuminate/Foundation/Http/Kernel.php(144): Illuminate\\Foundation\\Http\\Kernel->sendRequestThroughRouter()
#51 /home/u844577645/domains/joxmako.com/public_html/admin/public/index.php(51): Illuminate\\Foundation\\Http\\Kernel->handle()
#52 {main}
"} 
[2026-05-21 02:23:33] production.ERROR: [CAB_DISPATCH] fsUpdate users/4TQxn6goVsMszMZDOtjDKnDoDeF3 status=400 body={
  "error": {
    "code": 400,
    "message": "Invalid value at 'document.fields[0].value.map_value.fields[2].value.map_value.fields[9].value.map_value' (Map), Cannot bind a list to map for field 'fields'.
Invalid value at 'document.fields[0].value.map_value.fields[2].value.map_value.fields[20].value.map_value' (Map), Cannot bind a list to map for field 'fields'.
Invalid value at 'document.fields[0].value.map_value.fields[2].value.map_value.fields[21].value.map_value' (Map), Cannot bind a list to map for field 'fields'.
Invalid value at 'document.fields[0].value.map_value.fields[18].value.map_value' (Map), Cannot bind a list to map for field 'fields'.
Invalid value at 'document.fields[0].value.map_value.fields[28].value.map_value' (Map), Cannot bind a list to map for field 'fields'.",
    "status": "INVALID_ARGUMENT",
    "details": [
      {
        "@type": "type.googleapis.com/google.rpc.BadRequest",
        "fieldViolations": [
          {
            "field": "document.fields[0].value.map_value.fields[2].value.map_value.fields[9].value.map_value",
            "description": "Invalid value at 'document.fields[0].value.map_value.fields[2].value.map_value.fields[9].value.map_value' (Map), Cannot bind a list to map for field 'fields'."
          },
          {
            "field": "document.fields[0].value.map_value.fields[2].value.map_value.fields[20].value.map_value",
            "description": "Invalid value at 'document.fields[0].value.map_value.fields[2].value.map_value.fields[20].value.map_value' (Map), Cannot bind a list to map for field 'fields'."
          },
          {
            "field": "document.fields[0].value.map_value.fields[2].value.map_value.fields[21].value.map_value",
            "description": "Invalid value at 'document.fields[0].value.map_value.fields[2].value.map_value.fields[21].value.map_value' (Map), Cannot bind a list to map for field 'fields'."
          },
          {
            "field": "document.fields[0].value.map_value.fields[18].value.map_value",
            "description": "Invalid value at 'document.fields[0].value.map_value.fields[18].value.map_value' (Map), Cannot bind a list to map for field 'fields'."
          },
          {
            "field": "document.fields[0].value.map_value.fields[28].value.map_value",
            "description": "Invalid value at 'document.fields[0].value.map_value.fields[28].value.map_value' (Map), Cannot bind a list to map for field 'fields'."
          }
        ]
      }
    ]
  }
}
  
[2026-05-21 02:42:11] production.ERROR: [CAB_DISPATCH] fsUpdate users/4TQxn6goVsMszMZDOtjDKnDoDeF3 status=400 body={
  "error": {
    "code": 400,
    "message": "Invalid value at 'document.fields[0].value.map_value.fields[2].value.map_value.fields[9].value.map_value' (Map), Cannot bind a list to map for field 'fields'.
Invalid value at 'document.fields[0].value.map_value.fields[2].value.map_value.fields[20].value.map_value' (Map), Cannot bind a list to map for field 'fields'.
Invalid value at 'document.fields[0].value.map_value.fields[18].value.map_value' (Map), Cannot bind a list to map for field 'fields'.
Invalid value at 'document.fields[0].value.map_value.fields[28].value.map_value' (Map), Cannot bind a list to map for field 'fields'.",
    "status": "INVALID_ARGUMENT",
    "details": [
      {
        "@type": "type.googleapis.com/google.rpc.BadRequest",
        "fieldViolations": [
          {
            "field": "document.fields[0].value.map_value.fields[2].value.map_value.fields[9].value.map_value",
            "description": "Invalid value at 'document.fields[0].value.map_value.fields[2].value.map_value.fields[9].value.map_value' (Map), Cannot bind a list to map for field 'fields'."
          },
          {
            "field": "document.fields[0].value.map_value.fields[2].value.map_value.fields[20].value.map_value",
            "description": "Invalid value at 'document.fields[0].value.map_value.fields[2].value.map_value.fields[20].value.map_value' (Map), Cannot bind a list to map for field 'fields'."
          },
          {
            "field": "document.fields[0].value.map_value.fields[18].value.map_value",
            "description": "Invalid value at 'document.fields[0].value.map_value.fields[18].value.map_value' (Map), Cannot bind a list to map for field 'fields'."
          },
          {
            "field": "document.fields[0].value.map_value.fields[28].value.map_value",
            "description": "Invalid value at 'document.fields[0].value.map_value.fields[28].value.map_value' (Map), Cannot bind a list to map for field 'fields'."
          }
        ]
      }
    ]
  }
}
  
[2026-05-22 09:08:03] production.ERROR: syntax error, unexpected token ":", expecting "->" or "?->" or "{" or "[" {"exception":"[object] (ParseError(code: 0): syntax error, unexpected token \":\", expecting \"->\" or \"?->\" or \"{\" or \"[\" at /home/u844577645/domains/joxmako.com/public_html/admin/app/Console/Commands/CleanupFirestoreSoftLaunch.php:284)
[stacktrace]
#0 /home/u844577645/domains/joxmako.com/public_html/admin/vendor/composer/ClassLoader.php(427): Composer\\Autoload\\{closure}()
#1 [internal function]: Composer\\Autoload\\ClassLoader->loadClass()
#2 /home/u844577645/domains/joxmako.com/public_html/admin/vendor/laravel/framework/src/Illuminate/Foundation/Console/Kernel.php(346): is_subclass_of()
#3 /home/u844577645/domains/joxmako.com/public_html/admin/app/Console/Kernel.php(31): Illuminate\\Foundation\\Console\\Kernel->load()
#4 /home/u844577645/domains/joxmako.com/public_html/admin/vendor/laravel/framework/src/Illuminate/Foundation/Console/Kernel.php(453): App\\Console\\Kernel->commands()
#5 /home/u844577645/domains/joxmako.com/public_html/admin/vendor/laravel/framework/src/Illuminate/Foundation/Console/Kernel.php(199): Illuminate\\Foundation\\Console\\Kernel->bootstrap()
#6 /home/u844577645/domains/joxmako.com/public_html/admin/artisan(37): Illuminate\\Foundation\\Console\\Kernel->handle()
#7 {main}
"} 
[2026-05-22 14:15:17] production.ERROR: Undefined array key "order" {"userId":1,"exception":"[object] (ErrorException(code: 0): Undefined array key \"order\" at /home/u844577645/domains/joxmako.com/public_html/admin/app/Http/Controllers/ProductController.php:102)
[stacktrace]
#0 /home/u844577645/domains/joxmako.com/public_html/admin/vendor/laravel/framework/src/Illuminate/Foundation/Bootstrap/HandleExceptions.php(255): Illuminate\\Foundation\\Bootstrap\\HandleExceptions->handleError()
#1 /home/u844577645/domains/joxmako.com/public_html/admin/app/Http/Controllers/ProductController.php(102): Illuminate\\Foundation\\Bootstrap\\HandleExceptions->Illuminate\\Foundation\\Bootstrap\\{closure}()
#2 /home/u844577645/domains/joxmako.com/public_html/admin/vendor/laravel/framework/src/Illuminate/Routing/Controller.php(54): App\\Http\\Controllers\\ProductController->addToCart()
#3 /home/u844577645/domains/joxmako.com/public_html/admin/vendor/laravel/framework/src/Illuminate/Routing/ControllerDispatcher.php(43): Illuminate\\Routing\\Controller->callAction()
#4 /home/u844577645/domains/joxmako.com/public_html/admin/vendor/laravel/framework/src/Illuminate/Routing/Route.php(259): Illuminate\\Routing\\ControllerDispatcher->dispatch()
#5 /home/u844577645/domains/joxmako.com/public_html/admin/vendor/laravel/framework/src/Illuminate/Routing/Route.php(205): Illuminate\\Routing\\Route->runController()
#6 /home/u844577645/domains/joxmako.com/public_html/admin/vendor/laravel/framework/src/Illuminate/Routing/Router.php(806): Illuminate\\Routing\\Route->run()
#7 /home/u844577645/domains/joxmako.com/public_html/admin/vendor/laravel/framework/src/Illuminate/Pipeline/Pipeline.php(144): Illuminate\\Routing\\Router->Illuminate\\Routing\\{closure}()
#8 /home/u844577645/domains/joxmako.com/public_html/admin/app/Http/Middleware/CheckUserRoleMiddleware.php(34): Illuminate\\Pipeline\\Pipeline->Illuminate\\Pipeline\\{closure}()
#9 /home/u844577645/domains/joxmako.com/public_html/admin/vendor/laravel/framework/src/Illuminate/Pipeline/Pipeline.php(183): App\\Http\\Middleware\\CheckUserRoleMiddleware->handle()
#10 /home/u844577645/domains/joxmako.com/public_html/admin/app/Http/Middleware/LanguageManager.php(23): Illuminate\\Pipeline\\Pipeline->Illuminate\\Pipeline\\{closure}()
#11 /home/u844577645/domains/joxmako.com/public_html/admin/vendor/laravel/framework/src/Illuminate/Pipeline/Pipeline.php(183): App\\Http\\Middleware\\LanguageManager->handle()
#12 /home/u844577645/domains/joxmako.com/public_html/admin/vendor/laravel/framework/src/Illuminate/Routing/Middleware/SubstituteBindings.php(50): Illuminate\\Pipeline\\Pipeline->Illuminate\\Pipeline\\{closure}()
#13 /home/u844577645/domains/joxmako.com/public_html/admin/vendor/laravel/framework/src/Illuminate/Pipeline/Pipeline.php(183): Illuminate\\Routing\\Middleware\\SubstituteBindings->handle()
#14 /home/u844577645/domains/joxmako.com/public_html/admin/vendor/laravel/framework/src/Illuminate/Auth/Middleware/Authenticate.php(57): Illuminate\\Pipeline\\Pipeline->Illuminate\\Pipeline\\{closure}()
#15 /home/u844577645/domains/joxmako.com/public_html/admin/vendor/laravel/framework/src/Illuminate/Pipeline/Pipeline.php(183): Illuminate\\Auth\\Middleware\\Authenticate->handle()
#16 /home/u844577645/domains/joxmako.com/public_html/admin/vendor/laravel/framework/src/Illuminate/Foundation/Http/Middleware/VerifyCsrfToken.php(78): Illuminate\\Pipeline\\Pipeline->Illuminate\\Pipeline\\{closure}()
#17 /home/u844577645/domains/joxmako.com/public_html/admin/vendor/laravel/framework/src/Illuminate/Pipeline/Pipeline.php(183): Illuminate\\Foundation\\Http\\Middleware\\VerifyCsrfToken->handle()
#18 /home/u844577645/domains/joxmako.com/public_html/admin/vendor/laravel/framework/src/Illuminate/View/Middleware/ShareErrorsFromSession.php(49): Illuminate\\Pipeline\\Pipeline->Illuminate\\Pipeline\\{closure}()
#19 /home/u844577645/domains/joxmako.com/public_html/admin/vendor/laravel/framework/src/Illuminate/Pipeline/Pipeline.php(183): Illuminate\\View\\Middleware\\ShareErrorsFromSession->handle()
#20 /home/u844577645/domains/joxmako.com/public_html/admin/vendor/laravel/framework/src/Illuminate/Session/Middleware/StartSession.php(121): Illuminate\\Pipeline\\Pipeline->Illuminate\\Pipeline\\{closure}()
#21 /home/u844577645/domains/joxmako.com/public_html/admin/vendor/laravel/framework/src/Illuminate/Session/Middleware/StartSession.php(64): Illuminate\\Session\\Middleware\\StartSession->handleStatefulRequest()
#22 /home/u844577645/domains/joxmako.com/public_html/admin/vendor/laravel/framework/src/Illuminate/Pipeline/Pipeline.php(183): Illuminate\\Session\\Middleware\\StartSession->handle()
#23 /home/u844577645/domains/joxmako.com/public_html/admin/vendor/laravel/framework/src/Illuminate/Cookie/Middleware/AddQueuedCookiesToResponse.php(37): Illuminate\\Pipeline\\Pipeline->Illuminate\\Pipeline\\{closure}()
#24 /home/u844577645/domains/joxmako.com/public_html/admin/vendor/laravel/framework/src/Illuminate/Pipeline/Pipeline.php(183): Illuminate\\Cookie\\Middleware\\AddQueuedCookiesToResponse->handle()
#25 /home/u844577645/domains/joxmako.com/public_html/admin/vendor/laravel/framework/src/Illuminate/Cookie/Middleware/EncryptCookies.php(67): Illuminate\\Pipeline\\Pipeline->Illuminate\\Pipeline\\{closure}()
#26 /home/u844577645/domains/joxmako.com/public_html/admin/vendor/laravel/framework/src/Illuminate/Pipeline/Pipeline.php(183): Illuminate\\Cookie\\Middleware\\EncryptCookies->handle()
#27 /home/u844577645/domains/joxmako.com/public_html/admin/vendor/laravel/framework/src/Illuminate/Pipeline/Pipeline.php(119): Illuminate\\Pipeline\\Pipeline->Illuminate\\Pipeline\\{closure}()
#28 /home/u844577645/domains/joxmako.com/public_html/admin/vendor/laravel/framework/src/Illuminate/Routing/Router.php(805): Illuminate\\Pipeline\\Pipeline->then()
#29 /home/u844577645/domains/joxmako.com/public_html/admin/vendor/laravel/framework/src/Illuminate/Routing/Router.php(784): Illuminate\\Routing\\Router->runRouteWithinStack()
#30 /home/u844577645/domains/joxmako.com/public_html/admin/vendor/laravel/framework/src/Illuminate/Routing/Router.php(748): Illuminate\\Routing\\Router->runRoute()
#31 /home/u844577645/domains/joxmako.com/public_html/admin/vendor/laravel/framework/src/Illuminate/Routing/Router.php(737): Illuminate\\Routing\\Router->dispatchToRoute()
#32 /home/u844577645/domains/joxmako.com/public_html/admin/vendor/laravel/framework/src/Illuminate/Foundation/Http/Kernel.php(200): Illuminate\\Routing\\Router->dispatch()
#33 /home/u844577645/domains/joxmako.com/public_html/admin/vendor/laravel/framework/src/Illuminate/Pipeline/Pipeline.php(144): Illuminate\\Foundation\\Http\\Kernel->Illuminate\\Foundation\\Http\\{closure}()
#34 /home/u844577645/domains/joxmako.com/public_html/admin/vendor/laravel/framework/src/Illuminate/Foundation/Http/Middleware/TransformsRequest.php(21): Illuminate\\Pipeline\\Pipeline->Illuminate\\Pipeline\\{closure}()
#35 /home/u844577645/domains/joxmako.com/public_html/admin/vendor/laravel/framework/src/Illuminate/Foundation/Http/Middleware/ConvertEmptyStringsToNull.php(31): Illuminate\\Foundation\\Http\\Middleware\\TransformsRequest->handle()
#36 /home/u844577645/domains/joxmako.com/public_html/admin/vendor/laravel/framework/src/Illuminate/Pipeline/Pipeline.php(183): Illuminate\\Foundation\\Http\\Middleware\\ConvertEmptyStringsToNull->handle()
#37 /home/u844577645/domains/joxmako.com/public_html/admin/vendor/laravel/framework/src/Illuminate/Foundation/Http/Middleware/TransformsRequest.php(21): Illuminate\\Pipeline\\Pipeline->Illuminate\\Pipeline\\{closure}()
#38 /home/u844577645/domains/joxmako.com/public_html/admin/vendor/laravel/framework/src/Illuminate/Foundation/Http/Middleware/TrimStrings.php(40): Illuminate\\Foundation\\Http\\Middleware\\TransformsRequest->handle()
#39 /home/u844577645/domains/joxmako.com/public_html/admin/vendor/laravel/framework/src/Illuminate/Pipeline/Pipeline.php(183): Illuminate\\Foundation\\Http\\Middleware\\TrimStrings->handle()
#40 /home/u844577645/domains/joxmako.com/public_html/admin/vendor/laravel/framework/src/Illuminate/Foundation/Http/Middleware/ValidatePostSize.php(27): Illuminate\\Pipeline\\Pipeline->Illuminate\\Pipeline\\{closure}()
#41 /home/u844577645/domains/joxmako.com/public_html/admin/vendor/laravel/framework/src/Illuminate/Pipeline/Pipeline.php(183): Illuminate\\Foundation\\Http\\Middleware\\ValidatePostSize->handle()
#42 /home/u844577645/domains/joxmako.com/public_html/admin/vendor/laravel/framework/src/Illuminate/Foundation/Http/Middleware/PreventRequestsDuringMaintenance.php(99): Illuminate\\Pipeline\\Pipeline->Illuminate\\Pipeline\\{closure}()
#43 /home/u844577645/domains/joxmako.com/public_html/admin/vendor/laravel/framework/src/Illuminate/Pipeline/Pipeline.php(183): Illuminate\\Foundation\\Http\\Middleware\\PreventRequestsDuringMaintenance->handle()
#44 /home/u844577645/domains/joxmako.com/public_html/admin/vendor/laravel/framework/src/Illuminate/Http/Middleware/HandleCors.php(49): Illuminate\\Pipeline\\Pipeline->Illuminate\\Pipeline\\{closure}()
#45 /home/u844577645/domains/joxmako.com/public_html/admin/vendor/laravel/framework/src/Illuminate/Pipeline/Pipeline.php(183): Illuminate\\Http\\Middleware\\HandleCors->handle()
#46 /home/u844577645/domains/joxmako.com/public_html/admin/vendor/laravel/framework/src/Illuminate/Http/Middleware/TrustProxies.php(39): Illuminate\\Pipeline\\Pipeline->Illuminate\\Pipeline\\{closure}()
#47 /home/u844577645/domains/joxmako.com/public_html/admin/vendor/laravel/framework/src/Illuminate/Pipeline/Pipeline.php(183): Illuminate\\Http\\Middleware\\TrustProxies->handle()
#48 /home/u844577645/domains/joxmako.com/public_html/admin/vendor/laravel/framework/src/Illuminate/Pipeline/Pipeline.php(119): Illuminate\\Pipeline\\Pipeline->Illuminate\\Pipeline\\{closure}()
#49 /home/u844577645/domains/joxmako.com/public_html/admin/vendor/laravel/framework/src/Illuminate/Foundation/Http/Kernel.php(175): Illuminate\\Pipeline\\Pipeline->then()
#50 /home/u844577645/domains/joxmako.com/public_html/admin/vendor/laravel/framework/src/Illuminate/Foundation/Http/Kernel.php(144): Illuminate\\Foundation\\Http\\Kernel->sendRequestThroughRouter()
#51 /home/u844577645/domains/joxmako.com/public_html/admin/public/index.php(51): Illuminate\\Foundation\\Http\\Kernel->handle()
#52 {main}
"} 
[2026-05-23 11:09:44] production.ERROR: Declaration of App\Http\Controllers\CabDispatchController::dispatch(Illuminate\Http\Request $request, string $rideId): Illuminate\Http\JsonResponse must be compatible with App\Http\Controllers\Controller::dispatch($job) {"exception":"[object] (Symfony\\Component\\ErrorHandler\\Error\\FatalError(code: 0): Declaration of App\\Http\\Controllers\\CabDispatchController::dispatch(Illuminate\\Http\\Request $request, string $rideId): Illuminate\\Http\\JsonResponse must be compatible with App\\Http\\Controllers\\Controller::dispatch($job) at /home/u844577645/domains/joxmako.com/public_html/admin/app/Http/Controllers/CabDispatchController.php:11)
[stacktrace]
#0 {main}
"} 
[2026-05-23 11:10:00] production.ERROR: Declaration of App\Http\Controllers\CabDispatchController::dispatch(Illuminate\Http\Request $request, string $rideId): Illuminate\Http\JsonResponse must be compatible with App\Http\Controllers\Controller::dispatch($job) {"exception":"[object] (Symfony\\Component\\ErrorHandler\\Error\\FatalError(code: 0): Declaration of App\\Http\\Controllers\\CabDispatchController::dispatch(Illuminate\\Http\\Request $request, string $rideId): Illuminate\\Http\\JsonResponse must be compatible with App\\Http\\Controllers\\Controller::dispatch($job) at /home/u844577645/domains/joxmako.com/public_html/admin/app/Http/Controllers/CabDispatchController.php:11)
[stacktrace]
#0 {main}
"} 
[2026-05-23 11:10:43] production.ERROR: Declaration of App\Http\Controllers\CabDispatchController::dispatch(Illuminate\Http\Request $request, string $rideId): Illuminate\Http\JsonResponse must be compatible with App\Http\Controllers\Controller::dispatch($job) {"exception":"[object] (Symfony\\Component\\ErrorHandler\\Error\\FatalError(code: 0): Declaration of App\\Http\\Controllers\\CabDispatchController::dispatch(Illuminate\\Http\\Request $request, string $rideId): Illuminate\\Http\\JsonResponse must be compatible with App\\Http\\Controllers\\Controller::dispatch($job) at /home/u844577645/domains/joxmako.com/public_html/admin/app/Http/Controllers/CabDispatchController.php:11)
[stacktrace]
#0 {main}
"} 
